"","sitename","sector","X","site_transect","transect_no","benthic_major","mean_cover"
"1","Aasu","NW",2,"Aasu_2",2,"CORAL",46.1538461538462
"2","Aasu","NW",2,"Aasu_2",2,"OI",2.30769230769231
"3","Aasu","NW",2,"Aasu_2",2,"MA_noHALI",1.53846153846154
"4","Aasu","NW",2,"Aasu_2",2,"BCA",2.30769230769231
"5","Aasu","NW",2,"Aasu_2",2,"CCA",10.7692307692308
"6","Aasu","NW",2,"Aasu_2",2,"SAND",0
"7","Aasu","NW",2,"Aasu_2",2,"FCA",7.69230769230769
"8","Aasu","NW",2,"Aasu_2",2,"RUB",0
"9","Aasu","NW",2,"Aasu_2",2,"TURF",29.2307692307692
"10","Aasu","NW",2,"Aasu_2",2,"HALI",0
"11","Aasu","NW",1,"Aasu_1",1,"CORAL",23.0769230769231
"12","Aasu","NW",1,"Aasu_1",1,"OI",0.769230769230769
"13","Aasu","NW",1,"Aasu_1",1,"MA_noHALI",2.30769230769231
"14","Aasu","NW",1,"Aasu_1",1,"BCA",3.07692307692308
"15","Aasu","NW",1,"Aasu_1",1,"CCA",16.9230769230769
"16","Aasu","NW",1,"Aasu_1",1,"SAND",0.769230769230769
"17","Aasu","NW",1,"Aasu_1",1,"FCA",8.46153846153846
"18","Aasu","NW",1,"Aasu_1",1,"RUB",1.53846153846154
"19","Aasu","NW",1,"Aasu_1",1,"TURF",37.6923076923077
"20","Aasu","NW",1,"Aasu_1",1,"HALI",5.38461538461539
"21","Aasu","NW",5,"Aasu_5",5,"CORAL",34.6153846153846
"22","Aasu","NW",5,"Aasu_5",5,"OI",0
"23","Aasu","NW",5,"Aasu_5",5,"MA_noHALI",2.30769230769231
"24","Aasu","NW",5,"Aasu_5",5,"BCA",0
"25","Aasu","NW",5,"Aasu_5",5,"CCA",35.3846153846154
"26","Aasu","NW",5,"Aasu_5",5,"SAND",0
"27","Aasu","NW",5,"Aasu_5",5,"FCA",19.2307692307692
"28","Aasu","NW",5,"Aasu_5",5,"RUB",0
"29","Aasu","NW",5,"Aasu_5",5,"TURF",10.7692307692308
"30","Aasu","NW",5,"Aasu_5",5,"HALI",0
"31","Aasu","NW",3,"Aasu_3",3,"CORAL",35.3846153846154
"32","Aasu","NW",3,"Aasu_3",3,"OI",0
"33","Aasu","NW",3,"Aasu_3",3,"MA_noHALI",0
"34","Aasu","NW",3,"Aasu_3",3,"BCA",0
"35","Aasu","NW",3,"Aasu_3",3,"CCA",18.4615384615385
"36","Aasu","NW",3,"Aasu_3",3,"SAND",0
"37","Aasu","NW",3,"Aasu_3",3,"FCA",16.9230769230769
"38","Aasu","NW",3,"Aasu_3",3,"RUB",0
"39","Aasu","NW",3,"Aasu_3",3,"TURF",26.9230769230769
"40","Aasu","NW",3,"Aasu_3",3,"HALI",0
"41","Aasu","NW",4,"Aasu_4",4,"CORAL",28.4615384615385
"42","Aasu","NW",4,"Aasu_4",4,"OI",1.53846153846154
"43","Aasu","NW",4,"Aasu_4",4,"MA_noHALI",0
"44","Aasu","NW",4,"Aasu_4",4,"BCA",0
"45","Aasu","NW",4,"Aasu_4",4,"CCA",33.0769230769231
"46","Aasu","NW",4,"Aasu_4",4,"SAND",0.769230769230769
"47","Aasu","NW",4,"Aasu_4",4,"FCA",21.5384615384615
"48","Aasu","NW",4,"Aasu_4",4,"RUB",0
"49","Aasu","NW",4,"Aasu_4",4,"TURF",14.6153846153846
"50","Aasu","NW",4,"Aasu_4",4,"HALI",0
"51","Aasu","NW",6,"Aasu_6",6,"CORAL",39.2307692307692
"52","Aasu","NW",6,"Aasu_6",6,"OI",1.53846153846154
"53","Aasu","NW",6,"Aasu_6",6,"MA_noHALI",0
"54","Aasu","NW",6,"Aasu_6",6,"BCA",0
"55","Aasu","NW",6,"Aasu_6",6,"CCA",31.5384615384615
"56","Aasu","NW",6,"Aasu_6",6,"SAND",0
"57","Aasu","NW",6,"Aasu_6",6,"FCA",24.6153846153846
"58","Aasu","NW",6,"Aasu_6",6,"RUB",0
"59","Aasu","NW",6,"Aasu_6",6,"TURF",3.07692307692308
"60","Aasu","NW",6,"Aasu_6",6,"HALI",0
"61","Afono","NE",12,"Afono_6",6,"CORAL",11.5384615384615
"62","Afono","NE",12,"Afono_6",6,"OI",0
"63","Afono","NE",12,"Afono_6",6,"MA_noHALI",2.30769230769231
"64","Afono","NE",12,"Afono_6",6,"BCA",21.5384615384615
"65","Afono","NE",12,"Afono_6",6,"CCA",11.5384615384615
"66","Afono","NE",12,"Afono_6",6,"SAND",0
"67","Afono","NE",12,"Afono_6",6,"FCA",22.3076923076923
"68","Afono","NE",12,"Afono_6",6,"RUB",0
"69","Afono","NE",12,"Afono_6",6,"TURF",3.84615384615385
"70","Afono","NE",12,"Afono_6",6,"HALI",26.9230769230769
"71","Afono","NE",8,"Afono_2",2,"CORAL",17.6923076923077
"72","Afono","NE",8,"Afono_2",2,"OI",0
"73","Afono","NE",8,"Afono_2",2,"MA_noHALI",0.769230769230769
"74","Afono","NE",8,"Afono_2",2,"BCA",10
"75","Afono","NE",8,"Afono_2",2,"CCA",8.46153846153846
"76","Afono","NE",8,"Afono_2",2,"SAND",6.92307692307692
"77","Afono","NE",8,"Afono_2",2,"FCA",20.7692307692308
"78","Afono","NE",8,"Afono_2",2,"RUB",0
"79","Afono","NE",8,"Afono_2",2,"TURF",11.5384615384615
"80","Afono","NE",8,"Afono_2",2,"HALI",23.8461538461538
"81","Afono","NE",9,"Afono_3",3,"CORAL",26.1538461538462
"82","Afono","NE",9,"Afono_3",3,"OI",1.53846153846154
"83","Afono","NE",9,"Afono_3",3,"MA_noHALI",0.769230769230769
"84","Afono","NE",9,"Afono_3",3,"BCA",10
"85","Afono","NE",9,"Afono_3",3,"CCA",5.38461538461539
"86","Afono","NE",9,"Afono_3",3,"SAND",3.84615384615385
"87","Afono","NE",9,"Afono_3",3,"FCA",28.4615384615385
"88","Afono","NE",9,"Afono_3",3,"RUB",0
"89","Afono","NE",9,"Afono_3",3,"TURF",8.46153846153846
"90","Afono","NE",9,"Afono_3",3,"HALI",15.3846153846154
"91","Afono","NE",11,"Afono_5",5,"CORAL",16.1538461538462
"92","Afono","NE",11,"Afono_5",5,"OI",0
"93","Afono","NE",11,"Afono_5",5,"MA_noHALI",0
"94","Afono","NE",11,"Afono_5",5,"BCA",18.4615384615385
"95","Afono","NE",11,"Afono_5",5,"CCA",12.3076923076923
"96","Afono","NE",11,"Afono_5",5,"SAND",0
"97","Afono","NE",11,"Afono_5",5,"FCA",20
"98","Afono","NE",11,"Afono_5",5,"RUB",0
"99","Afono","NE",11,"Afono_5",5,"TURF",2.30769230769231
"100","Afono","NE",11,"Afono_5",5,"HALI",30.7692307692308
"101","Afono","NE",7,"Afono_1",1,"CORAL",18.4615384615385
"102","Afono","NE",7,"Afono_1",1,"OI",0.769230769230769
"103","Afono","NE",7,"Afono_1",1,"MA_noHALI",0.769230769230769
"104","Afono","NE",7,"Afono_1",1,"BCA",13.0769230769231
"105","Afono","NE",7,"Afono_1",1,"CCA",0
"106","Afono","NE",7,"Afono_1",1,"SAND",0
"107","Afono","NE",7,"Afono_1",1,"FCA",25.3846153846154
"108","Afono","NE",7,"Afono_1",1,"RUB",0
"109","Afono","NE",7,"Afono_1",1,"TURF",6.15384615384615
"110","Afono","NE",7,"Afono_1",1,"HALI",35.3846153846154
"111","Afono","NE",10,"Afono_4",4,"CORAL",15.2
"112","Afono","NE",10,"Afono_4",4,"OI",0
"113","Afono","NE",10,"Afono_4",4,"MA_noHALI",0
"114","Afono","NE",10,"Afono_4",4,"BCA",12.8
"115","Afono","NE",10,"Afono_4",4,"CCA",4.8
"116","Afono","NE",10,"Afono_4",4,"SAND",0
"117","Afono","NE",10,"Afono_4",4,"FCA",24.8
"118","Afono","NE",10,"Afono_4",4,"RUB",0
"119","Afono","NE",10,"Afono_4",4,"TURF",9.6
"120","Afono","NE",10,"Afono_4",4,"HALI",32.8
"121","Alega","SW",15,"Alega_3",3,"CORAL",8.46153846153846
"122","Alega","SW",15,"Alega_3",3,"OI",13.8461538461538
"123","Alega","SW",15,"Alega_3",3,"MA_noHALI",6.92307692307692
"124","Alega","SW",15,"Alega_3",3,"BCA",0
"125","Alega","SW",15,"Alega_3",3,"CCA",38.4615384615385
"126","Alega","SW",15,"Alega_3",3,"SAND",0
"127","Alega","SW",15,"Alega_3",3,"FCA",26.1538461538462
"128","Alega","SW",15,"Alega_3",3,"RUB",0
"129","Alega","SW",15,"Alega_3",3,"TURF",1.53846153846154
"130","Alega","SW",15,"Alega_3",3,"HALI",4.61538461538461
"131","Alega","SW",16,"Alega_4",4,"CORAL",23.0769230769231
"132","Alega","SW",16,"Alega_4",4,"OI",9.23076923076923
"133","Alega","SW",16,"Alega_4",4,"MA_noHALI",3.84615384615385
"134","Alega","SW",16,"Alega_4",4,"BCA",0.769230769230769
"135","Alega","SW",16,"Alega_4",4,"CCA",31.5384615384615
"136","Alega","SW",16,"Alega_4",4,"SAND",3.84615384615385
"137","Alega","SW",16,"Alega_4",4,"FCA",22.3076923076923
"138","Alega","SW",16,"Alega_4",4,"RUB",0
"139","Alega","SW",16,"Alega_4",4,"TURF",4.61538461538461
"140","Alega","SW",16,"Alega_4",4,"HALI",0
"141","Alega","SW",14,"Alega_2",2,"CORAL",7.69230769230769
"142","Alega","SW",14,"Alega_2",2,"OI",13.0769230769231
"143","Alega","SW",14,"Alega_2",2,"MA_noHALI",12.3076923076923
"144","Alega","SW",14,"Alega_2",2,"BCA",0
"145","Alega","SW",14,"Alega_2",2,"CCA",33.0769230769231
"146","Alega","SW",14,"Alega_2",2,"SAND",0
"147","Alega","SW",14,"Alega_2",2,"FCA",32.3076923076923
"148","Alega","SW",14,"Alega_2",2,"RUB",0
"149","Alega","SW",14,"Alega_2",2,"TURF",1.53846153846154
"150","Alega","SW",14,"Alega_2",2,"HALI",0
"151","Alega","SW",18,"Alega_6",6,"CORAL",3.84615384615385
"152","Alega","SW",18,"Alega_6",6,"OI",10.7692307692308
"153","Alega","SW",18,"Alega_6",6,"MA_noHALI",1.53846153846154
"154","Alega","SW",18,"Alega_6",6,"BCA",1.53846153846154
"155","Alega","SW",18,"Alega_6",6,"CCA",46.1538461538462
"156","Alega","SW",18,"Alega_6",6,"SAND",0
"157","Alega","SW",18,"Alega_6",6,"FCA",33.0769230769231
"158","Alega","SW",18,"Alega_6",6,"RUB",0
"159","Alega","SW",18,"Alega_6",6,"TURF",0
"160","Alega","SW",18,"Alega_6",6,"HALI",3.07692307692308
"161","Alega","SW",17,"Alega_5",5,"CORAL",10.7692307692308
"162","Alega","SW",17,"Alega_5",5,"OI",10
"163","Alega","SW",17,"Alega_5",5,"MA_noHALI",4.61538461538461
"164","Alega","SW",17,"Alega_5",5,"BCA",0.769230769230769
"165","Alega","SW",17,"Alega_5",5,"CCA",26.9230769230769
"166","Alega","SW",17,"Alega_5",5,"SAND",3.84615384615385
"167","Alega","SW",17,"Alega_5",5,"FCA",33.8461538461538
"168","Alega","SW",17,"Alega_5",5,"RUB",0
"169","Alega","SW",17,"Alega_5",5,"TURF",2.30769230769231
"170","Alega","SW",17,"Alega_5",5,"HALI",6.15384615384615
"171","Alega","SW",13,"Alega_1",1,"CORAL",13.8461538461538
"172","Alega","SW",13,"Alega_1",1,"OI",15.3846153846154
"173","Alega","SW",13,"Alega_1",1,"MA_noHALI",4.61538461538461
"174","Alega","SW",13,"Alega_1",1,"BCA",0
"175","Alega","SW",13,"Alega_1",1,"CCA",31.5384615384615
"176","Alega","SW",13,"Alega_1",1,"SAND",0
"177","Alega","SW",13,"Alega_1",1,"FCA",33.8461538461538
"178","Alega","SW",13,"Alega_1",1,"RUB",0
"179","Alega","SW",13,"Alega_1",1,"TURF",0.769230769230769
"180","Alega","SW",13,"Alega_1",1,"HALI",0
"181","Alofau","SW",24,"Alofau_6",6,"CORAL",20
"182","Alofau","SW",24,"Alofau_6",6,"OI",0
"183","Alofau","SW",24,"Alofau_6",6,"MA_noHALI",3.07692307692308
"184","Alofau","SW",24,"Alofau_6",6,"BCA",6.15384615384615
"185","Alofau","SW",24,"Alofau_6",6,"CCA",6.92307692307692
"186","Alofau","SW",24,"Alofau_6",6,"SAND",0
"187","Alofau","SW",24,"Alofau_6",6,"FCA",45.3846153846154
"188","Alofau","SW",24,"Alofau_6",6,"RUB",0
"189","Alofau","SW",24,"Alofau_6",6,"TURF",12.3076923076923
"190","Alofau","SW",24,"Alofau_6",6,"HALI",6.15384615384615
"191","Alofau","SW",20,"Alofau_2",2,"CORAL",9.23076923076923
"192","Alofau","SW",20,"Alofau_2",2,"OI",0
"193","Alofau","SW",20,"Alofau_2",2,"MA_noHALI",0
"194","Alofau","SW",20,"Alofau_2",2,"BCA",1.53846153846154
"195","Alofau","SW",20,"Alofau_2",2,"CCA",33.8461538461538
"196","Alofau","SW",20,"Alofau_2",2,"SAND",0
"197","Alofau","SW",20,"Alofau_2",2,"FCA",46.1538461538462
"198","Alofau","SW",20,"Alofau_2",2,"RUB",0
"199","Alofau","SW",20,"Alofau_2",2,"TURF",9.23076923076923
"200","Alofau","SW",20,"Alofau_2",2,"HALI",0
"201","Alofau","SW",21,"Alofau_3",3,"CORAL",16.9230769230769
"202","Alofau","SW",21,"Alofau_3",3,"OI",0
"203","Alofau","SW",21,"Alofau_3",3,"MA_noHALI",5.38461538461539
"204","Alofau","SW",21,"Alofau_3",3,"BCA",3.84615384615385
"205","Alofau","SW",21,"Alofau_3",3,"CCA",6.15384615384615
"206","Alofau","SW",21,"Alofau_3",3,"SAND",0
"207","Alofau","SW",21,"Alofau_3",3,"FCA",45.3846153846154
"208","Alofau","SW",21,"Alofau_3",3,"RUB",0
"209","Alofau","SW",21,"Alofau_3",3,"TURF",20.7692307692308
"210","Alofau","SW",21,"Alofau_3",3,"HALI",1.53846153846154
"211","Alofau","SW",23,"Alofau_5",5,"CORAL",16
"212","Alofau","SW",23,"Alofau_5",5,"OI",0.8
"213","Alofau","SW",23,"Alofau_5",5,"MA_noHALI",6.4
"214","Alofau","SW",23,"Alofau_5",5,"BCA",1.6
"215","Alofau","SW",23,"Alofau_5",5,"CCA",1.6
"216","Alofau","SW",23,"Alofau_5",5,"SAND",0.8
"217","Alofau","SW",23,"Alofau_5",5,"FCA",62.4
"218","Alofau","SW",23,"Alofau_5",5,"RUB",0
"219","Alofau","SW",23,"Alofau_5",5,"TURF",8.8
"220","Alofau","SW",23,"Alofau_5",5,"HALI",1.6
"221","Alofau","SW",19,"Alofau_1",1,"CORAL",8.46153846153846
"222","Alofau","SW",19,"Alofau_1",1,"OI",0
"223","Alofau","SW",19,"Alofau_1",1,"MA_noHALI",2.30769230769231
"224","Alofau","SW",19,"Alofau_1",1,"BCA",2.30769230769231
"225","Alofau","SW",19,"Alofau_1",1,"CCA",27.6923076923077
"226","Alofau","SW",19,"Alofau_1",1,"SAND",0
"227","Alofau","SW",19,"Alofau_1",1,"FCA",46.1538461538462
"228","Alofau","SW",19,"Alofau_1",1,"RUB",0
"229","Alofau","SW",19,"Alofau_1",1,"TURF",12.3076923076923
"230","Alofau","SW",19,"Alofau_1",1,"HALI",0.769230769230769
"231","Alofau","SW",22,"Alofau_4",4,"CORAL",5.38461538461539
"232","Alofau","SW",22,"Alofau_4",4,"OI",0
"233","Alofau","SW",22,"Alofau_4",4,"MA_noHALI",11.5384615384615
"234","Alofau","SW",22,"Alofau_4",4,"BCA",0.769230769230769
"235","Alofau","SW",22,"Alofau_4",4,"CCA",9.23076923076923
"236","Alofau","SW",22,"Alofau_4",4,"SAND",1.53846153846154
"237","Alofau","SW",22,"Alofau_4",4,"FCA",54.6153846153846
"238","Alofau","SW",22,"Alofau_4",4,"RUB",0
"239","Alofau","SW",22,"Alofau_4",4,"TURF",16.1538461538462
"240","Alofau","SW",22,"Alofau_4",4,"HALI",0.769230769230769
"241","Amalau","NE",30,"Amalau_6",6,"CORAL",61.5384615384615
"242","Amalau","NE",30,"Amalau_6",6,"OI",0
"243","Amalau","NE",30,"Amalau_6",6,"MA_noHALI",0
"244","Amalau","NE",30,"Amalau_6",6,"BCA",0
"245","Amalau","NE",30,"Amalau_6",6,"CCA",13.8461538461538
"246","Amalau","NE",30,"Amalau_6",6,"SAND",0
"247","Amalau","NE",30,"Amalau_6",6,"FCA",21.5384615384615
"248","Amalau","NE",30,"Amalau_6",6,"RUB",0
"249","Amalau","NE",30,"Amalau_6",6,"TURF",0.769230769230769
"250","Amalau","NE",30,"Amalau_6",6,"HALI",2.30769230769231
"251","Amalau","NE",28,"Amalau_4",4,"CORAL",46.9230769230769
"252","Amalau","NE",28,"Amalau_4",4,"OI",1.53846153846154
"253","Amalau","NE",28,"Amalau_4",4,"MA_noHALI",0
"254","Amalau","NE",28,"Amalau_4",4,"BCA",0.769230769230769
"255","Amalau","NE",28,"Amalau_4",4,"CCA",17.6923076923077
"256","Amalau","NE",28,"Amalau_4",4,"SAND",0
"257","Amalau","NE",28,"Amalau_4",4,"FCA",30
"258","Amalau","NE",28,"Amalau_4",4,"RUB",0
"259","Amalau","NE",28,"Amalau_4",4,"TURF",3.07692307692308
"260","Amalau","NE",28,"Amalau_4",4,"HALI",0
"261","Amalau","NE",25,"Amalau_1",1,"CORAL",52.3076923076923
"262","Amalau","NE",25,"Amalau_1",1,"OI",3.07692307692308
"263","Amalau","NE",25,"Amalau_1",1,"MA_noHALI",0
"264","Amalau","NE",25,"Amalau_1",1,"BCA",0
"265","Amalau","NE",25,"Amalau_1",1,"CCA",18.4615384615385
"266","Amalau","NE",25,"Amalau_1",1,"SAND",0
"267","Amalau","NE",25,"Amalau_1",1,"FCA",20
"268","Amalau","NE",25,"Amalau_1",1,"RUB",0
"269","Amalau","NE",25,"Amalau_1",1,"TURF",3.84615384615385
"270","Amalau","NE",25,"Amalau_1",1,"HALI",2.30769230769231
"271","Amalau","NE",27,"Amalau_3",3,"CORAL",65.3846153846154
"272","Amalau","NE",27,"Amalau_3",3,"OI",0
"273","Amalau","NE",27,"Amalau_3",3,"MA_noHALI",0
"274","Amalau","NE",27,"Amalau_3",3,"BCA",0
"275","Amalau","NE",27,"Amalau_3",3,"CCA",13.8461538461538
"276","Amalau","NE",27,"Amalau_3",3,"SAND",0
"277","Amalau","NE",27,"Amalau_3",3,"FCA",17.6923076923077
"278","Amalau","NE",27,"Amalau_3",3,"RUB",0
"279","Amalau","NE",27,"Amalau_3",3,"TURF",0.769230769230769
"280","Amalau","NE",27,"Amalau_3",3,"HALI",2.30769230769231
"281","Amalau","NE",29,"Amalau_5",5,"CORAL",54.4
"282","Amalau","NE",29,"Amalau_5",5,"OI",0
"283","Amalau","NE",29,"Amalau_5",5,"MA_noHALI",0.8
"284","Amalau","NE",29,"Amalau_5",5,"BCA",0
"285","Amalau","NE",29,"Amalau_5",5,"CCA",26.4
"286","Amalau","NE",29,"Amalau_5",5,"SAND",0
"287","Amalau","NE",29,"Amalau_5",5,"FCA",16
"288","Amalau","NE",29,"Amalau_5",5,"RUB",0
"289","Amalau","NE",29,"Amalau_5",5,"TURF",1.6
"290","Amalau","NE",29,"Amalau_5",5,"HALI",0.8
"291","Amalau","NE",26,"Amalau_2",2,"CORAL",60.7692307692308
"292","Amalau","NE",26,"Amalau_2",2,"OI",0
"293","Amalau","NE",26,"Amalau_2",2,"MA_noHALI",0
"294","Amalau","NE",26,"Amalau_2",2,"BCA",0.769230769230769
"295","Amalau","NE",26,"Amalau_2",2,"CCA",16.1538461538462
"296","Amalau","NE",26,"Amalau_2",2,"SAND",0
"297","Amalau","NE",26,"Amalau_2",2,"FCA",17.6923076923077
"298","Amalau","NE",26,"Amalau_2",2,"RUB",0
"299","Amalau","NE",26,"Amalau_2",2,"TURF",0
"300","Amalau","NE",26,"Amalau_2",2,"HALI",4.61538461538461
"301","Amaluia","SW",33,"Amaluia_3",3,"CORAL",46.1538461538462
"302","Amaluia","SW",33,"Amaluia_3",3,"OI",2.30769230769231
"303","Amaluia","SW",33,"Amaluia_3",3,"MA_noHALI",19.2307692307692
"304","Amaluia","SW",33,"Amaluia_3",3,"BCA",0
"305","Amaluia","SW",33,"Amaluia_3",3,"CCA",21.5384615384615
"306","Amaluia","SW",33,"Amaluia_3",3,"SAND",0
"307","Amaluia","SW",33,"Amaluia_3",3,"FCA",6.92307692307692
"308","Amaluia","SW",33,"Amaluia_3",3,"RUB",0
"309","Amaluia","SW",33,"Amaluia_3",3,"TURF",2.30769230769231
"310","Amaluia","SW",33,"Amaluia_3",3,"HALI",1.53846153846154
"311","Amaluia","SW",36,"Amaluia_6",6,"CORAL",61.5384615384615
"312","Amaluia","SW",36,"Amaluia_6",6,"OI",2.30769230769231
"313","Amaluia","SW",36,"Amaluia_6",6,"MA_noHALI",2.30769230769231
"314","Amaluia","SW",36,"Amaluia_6",6,"BCA",0
"315","Amaluia","SW",36,"Amaluia_6",6,"CCA",13.0769230769231
"316","Amaluia","SW",36,"Amaluia_6",6,"SAND",0
"317","Amaluia","SW",36,"Amaluia_6",6,"FCA",16.1538461538462
"318","Amaluia","SW",36,"Amaluia_6",6,"RUB",0
"319","Amaluia","SW",36,"Amaluia_6",6,"TURF",4.61538461538461
"320","Amaluia","SW",36,"Amaluia_6",6,"HALI",0
"321","Amaluia","SW",34,"Amaluia_4",4,"CORAL",48.4615384615385
"322","Amaluia","SW",34,"Amaluia_4",4,"OI",1.53846153846154
"323","Amaluia","SW",34,"Amaluia_4",4,"MA_noHALI",6.15384615384615
"324","Amaluia","SW",34,"Amaluia_4",4,"BCA",0
"325","Amaluia","SW",34,"Amaluia_4",4,"CCA",22.3076923076923
"326","Amaluia","SW",34,"Amaluia_4",4,"SAND",0
"327","Amaluia","SW",34,"Amaluia_4",4,"FCA",16.9230769230769
"328","Amaluia","SW",34,"Amaluia_4",4,"RUB",0
"329","Amaluia","SW",34,"Amaluia_4",4,"TURF",4.61538461538461
"330","Amaluia","SW",34,"Amaluia_4",4,"HALI",0
"331","Amaluia","SW",31,"Amaluia_1",1,"CORAL",53.0769230769231
"332","Amaluia","SW",31,"Amaluia_1",1,"OI",8.46153846153846
"333","Amaluia","SW",31,"Amaluia_1",1,"MA_noHALI",0
"334","Amaluia","SW",31,"Amaluia_1",1,"BCA",0
"335","Amaluia","SW",31,"Amaluia_1",1,"CCA",23.0769230769231
"336","Amaluia","SW",31,"Amaluia_1",1,"SAND",0
"337","Amaluia","SW",31,"Amaluia_1",1,"FCA",13.0769230769231
"338","Amaluia","SW",31,"Amaluia_1",1,"RUB",0
"339","Amaluia","SW",31,"Amaluia_1",1,"TURF",2.30769230769231
"340","Amaluia","SW",31,"Amaluia_1",1,"HALI",0
"341","Amaluia","SW",32,"Amaluia_2",2,"CORAL",37.6923076923077
"342","Amaluia","SW",32,"Amaluia_2",2,"OI",0.769230769230769
"343","Amaluia","SW",32,"Amaluia_2",2,"MA_noHALI",18.4615384615385
"344","Amaluia","SW",32,"Amaluia_2",2,"BCA",0
"345","Amaluia","SW",32,"Amaluia_2",2,"CCA",23.0769230769231
"346","Amaluia","SW",32,"Amaluia_2",2,"SAND",2.30769230769231
"347","Amaluia","SW",32,"Amaluia_2",2,"FCA",10.7692307692308
"348","Amaluia","SW",32,"Amaluia_2",2,"RUB",0
"349","Amaluia","SW",32,"Amaluia_2",2,"TURF",5.38461538461539
"350","Amaluia","SW",32,"Amaluia_2",2,"HALI",1.53846153846154
"351","Amaluia","SW",35,"Amaluia_5",5,"CORAL",40
"352","Amaluia","SW",35,"Amaluia_5",5,"OI",3.07692307692308
"353","Amaluia","SW",35,"Amaluia_5",5,"MA_noHALI",5.38461538461539
"354","Amaluia","SW",35,"Amaluia_5",5,"BCA",0
"355","Amaluia","SW",35,"Amaluia_5",5,"CCA",19.2307692307692
"356","Amaluia","SW",35,"Amaluia_5",5,"SAND",0
"357","Amaluia","SW",35,"Amaluia_5",5,"FCA",23.0769230769231
"358","Amaluia","SW",35,"Amaluia_5",5,"RUB",0
"359","Amaluia","SW",35,"Amaluia_5",5,"TURF",8.46153846153846
"360","Amaluia","SW",35,"Amaluia_5",5,"HALI",0.769230769230769
"361","Amanave","SW",42,"Amanave_6",6,"CORAL",53.8461538461538
"362","Amanave","SW",42,"Amanave_6",6,"OI",5.38461538461539
"363","Amanave","SW",42,"Amanave_6",6,"MA_noHALI",0
"364","Amanave","SW",42,"Amanave_6",6,"BCA",0
"365","Amanave","SW",42,"Amanave_6",6,"CCA",33.8461538461538
"366","Amanave","SW",42,"Amanave_6",6,"SAND",0
"367","Amanave","SW",42,"Amanave_6",6,"FCA",6.15384615384615
"368","Amanave","SW",42,"Amanave_6",6,"RUB",0
"369","Amanave","SW",42,"Amanave_6",6,"TURF",0.769230769230769
"370","Amanave","SW",42,"Amanave_6",6,"HALI",0
"371","Amanave","SW",38,"Amanave_2",2,"CORAL",53.8461538461538
"372","Amanave","SW",38,"Amanave_2",2,"OI",13.0769230769231
"373","Amanave","SW",38,"Amanave_2",2,"MA_noHALI",0.769230769230769
"374","Amanave","SW",38,"Amanave_2",2,"BCA",0
"375","Amanave","SW",38,"Amanave_2",2,"CCA",21.5384615384615
"376","Amanave","SW",38,"Amanave_2",2,"SAND",0
"377","Amanave","SW",38,"Amanave_2",2,"FCA",10
"378","Amanave","SW",38,"Amanave_2",2,"RUB",0
"379","Amanave","SW",38,"Amanave_2",2,"TURF",0.769230769230769
"380","Amanave","SW",38,"Amanave_2",2,"HALI",0
"381","Amanave","SW",39,"Amanave_3",3,"CORAL",55.3846153846154
"382","Amanave","SW",39,"Amanave_3",3,"OI",3.84615384615385
"383","Amanave","SW",39,"Amanave_3",3,"MA_noHALI",0
"384","Amanave","SW",39,"Amanave_3",3,"BCA",0
"385","Amanave","SW",39,"Amanave_3",3,"CCA",29.2307692307692
"386","Amanave","SW",39,"Amanave_3",3,"SAND",0
"387","Amanave","SW",39,"Amanave_3",3,"FCA",7.69230769230769
"388","Amanave","SW",39,"Amanave_3",3,"RUB",0
"389","Amanave","SW",39,"Amanave_3",3,"TURF",3.84615384615385
"390","Amanave","SW",39,"Amanave_3",3,"HALI",0
"391","Amanave","SW",40,"Amanave_4",4,"CORAL",66.1538461538462
"392","Amanave","SW",40,"Amanave_4",4,"OI",4.61538461538461
"393","Amanave","SW",40,"Amanave_4",4,"MA_noHALI",0
"394","Amanave","SW",40,"Amanave_4",4,"BCA",0
"395","Amanave","SW",40,"Amanave_4",4,"CCA",21.5384615384615
"396","Amanave","SW",40,"Amanave_4",4,"SAND",0
"397","Amanave","SW",40,"Amanave_4",4,"FCA",6.92307692307692
"398","Amanave","SW",40,"Amanave_4",4,"RUB",0
"399","Amanave","SW",40,"Amanave_4",4,"TURF",0.769230769230769
"400","Amanave","SW",40,"Amanave_4",4,"HALI",0
"401","Amanave","SW",41,"Amanave_5",5,"CORAL",68.4615384615385
"402","Amanave","SW",41,"Amanave_5",5,"OI",4.61538461538461
"403","Amanave","SW",41,"Amanave_5",5,"MA_noHALI",0
"404","Amanave","SW",41,"Amanave_5",5,"BCA",0
"405","Amanave","SW",41,"Amanave_5",5,"CCA",23.8461538461538
"406","Amanave","SW",41,"Amanave_5",5,"SAND",0
"407","Amanave","SW",41,"Amanave_5",5,"FCA",2.30769230769231
"408","Amanave","SW",41,"Amanave_5",5,"RUB",0
"409","Amanave","SW",41,"Amanave_5",5,"TURF",0.769230769230769
"410","Amanave","SW",41,"Amanave_5",5,"HALI",0
"411","Amanave","SW",37,"Amanave_1",1,"CORAL",42.3076923076923
"412","Amanave","SW",37,"Amanave_1",1,"OI",7.69230769230769
"413","Amanave","SW",37,"Amanave_1",1,"MA_noHALI",0
"414","Amanave","SW",37,"Amanave_1",1,"BCA",1.53846153846154
"415","Amanave","SW",37,"Amanave_1",1,"CCA",23.8461538461538
"416","Amanave","SW",37,"Amanave_1",1,"SAND",0
"417","Amanave","SW",37,"Amanave_1",1,"FCA",23.0769230769231
"418","Amanave","SW",37,"Amanave_1",1,"RUB",0
"419","Amanave","SW",37,"Amanave_1",1,"TURF",1.53846153846154
"420","Amanave","SW",37,"Amanave_1",1,"HALI",0
"421","Amaua","SE",47,"Amaua_5",5,"CORAL",1.53846153846154
"422","Amaua","SE",47,"Amaua_5",5,"OI",13.0769230769231
"423","Amaua","SE",47,"Amaua_5",5,"MA_noHALI",12.3076923076923
"424","Amaua","SE",47,"Amaua_5",5,"BCA",0
"425","Amaua","SE",47,"Amaua_5",5,"CCA",29.2307692307692
"426","Amaua","SE",47,"Amaua_5",5,"SAND",0
"427","Amaua","SE",47,"Amaua_5",5,"FCA",43.8461538461538
"428","Amaua","SE",47,"Amaua_5",5,"RUB",0
"429","Amaua","SE",47,"Amaua_5",5,"TURF",0
"430","Amaua","SE",47,"Amaua_5",5,"HALI",0
"431","Amaua","SE",43,"Amaua_1",1,"CORAL",35.3846153846154
"432","Amaua","SE",43,"Amaua_1",1,"OI",0.769230769230769
"433","Amaua","SE",43,"Amaua_1",1,"MA_noHALI",3.84615384615385
"434","Amaua","SE",43,"Amaua_1",1,"BCA",0
"435","Amaua","SE",43,"Amaua_1",1,"CCA",23.0769230769231
"436","Amaua","SE",43,"Amaua_1",1,"SAND",0
"437","Amaua","SE",43,"Amaua_1",1,"FCA",31.5384615384615
"438","Amaua","SE",43,"Amaua_1",1,"RUB",0
"439","Amaua","SE",43,"Amaua_1",1,"TURF",5.38461538461539
"440","Amaua","SE",43,"Amaua_1",1,"HALI",0
"441","Amaua","SE",46,"Amaua_4",4,"CORAL",6.15384615384615
"442","Amaua","SE",46,"Amaua_4",4,"OI",6.92307692307692
"443","Amaua","SE",46,"Amaua_4",4,"MA_noHALI",10.7692307692308
"444","Amaua","SE",46,"Amaua_4",4,"BCA",0
"445","Amaua","SE",46,"Amaua_4",4,"CCA",27.6923076923077
"446","Amaua","SE",46,"Amaua_4",4,"SAND",0
"447","Amaua","SE",46,"Amaua_4",4,"FCA",48.4615384615385
"448","Amaua","SE",46,"Amaua_4",4,"RUB",0
"449","Amaua","SE",46,"Amaua_4",4,"TURF",0
"450","Amaua","SE",46,"Amaua_4",4,"HALI",0
"451","Amaua","SE",48,"Amaua_6",6,"CORAL",5.38461538461539
"452","Amaua","SE",48,"Amaua_6",6,"OI",10
"453","Amaua","SE",48,"Amaua_6",6,"MA_noHALI",5.38461538461539
"454","Amaua","SE",48,"Amaua_6",6,"BCA",0
"455","Amaua","SE",48,"Amaua_6",6,"CCA",37.6923076923077
"456","Amaua","SE",48,"Amaua_6",6,"SAND",0
"457","Amaua","SE",48,"Amaua_6",6,"FCA",36.9230769230769
"458","Amaua","SE",48,"Amaua_6",6,"RUB",0
"459","Amaua","SE",48,"Amaua_6",6,"TURF",3.84615384615385
"460","Amaua","SE",48,"Amaua_6",6,"HALI",0.769230769230769
"461","Amaua","SE",44,"Amaua_2",2,"CORAL",4.61538461538461
"462","Amaua","SE",44,"Amaua_2",2,"OI",0.769230769230769
"463","Amaua","SE",44,"Amaua_2",2,"MA_noHALI",27.6923076923077
"464","Amaua","SE",44,"Amaua_2",2,"BCA",0
"465","Amaua","SE",44,"Amaua_2",2,"CCA",23.8461538461538
"466","Amaua","SE",44,"Amaua_2",2,"SAND",0
"467","Amaua","SE",44,"Amaua_2",2,"FCA",41.5384615384615
"468","Amaua","SE",44,"Amaua_2",2,"RUB",0
"469","Amaua","SE",44,"Amaua_2",2,"TURF",1.53846153846154
"470","Amaua","SE",44,"Amaua_2",2,"HALI",0
"471","Amaua","SE",45,"Amaua_3",3,"CORAL",9.23076923076923
"472","Amaua","SE",45,"Amaua_3",3,"OI",0
"473","Amaua","SE",45,"Amaua_3",3,"MA_noHALI",13.8461538461538
"474","Amaua","SE",45,"Amaua_3",3,"BCA",0
"475","Amaua","SE",45,"Amaua_3",3,"CCA",36.9230769230769
"476","Amaua","SE",45,"Amaua_3",3,"SAND",0
"477","Amaua","SE",45,"Amaua_3",3,"FCA",36.9230769230769
"478","Amaua","SE",45,"Amaua_3",3,"RUB",0
"479","Amaua","SE",45,"Amaua_3",3,"TURF",3.07692307692308
"480","Amaua","SE",45,"Amaua_3",3,"HALI",0
"481","Amouli","SE",52,"Amouli_4",4,"CORAL",44.6153846153846
"482","Amouli","SE",52,"Amouli_4",4,"OI",1.53846153846154
"483","Amouli","SE",52,"Amouli_4",4,"MA_noHALI",0
"484","Amouli","SE",52,"Amouli_4",4,"BCA",0
"485","Amouli","SE",52,"Amouli_4",4,"CCA",37.6923076923077
"486","Amouli","SE",52,"Amouli_4",4,"SAND",0.769230769230769
"487","Amouli","SE",52,"Amouli_4",4,"FCA",9.23076923076923
"488","Amouli","SE",52,"Amouli_4",4,"RUB",0
"489","Amouli","SE",52,"Amouli_4",4,"TURF",6.15384615384615
"490","Amouli","SE",52,"Amouli_4",4,"HALI",0
"491","Amouli","SE",54,"Amouli_6",6,"CORAL",35.3846153846154
"492","Amouli","SE",54,"Amouli_6",6,"OI",3.07692307692308
"493","Amouli","SE",54,"Amouli_6",6,"MA_noHALI",0
"494","Amouli","SE",54,"Amouli_6",6,"BCA",0.769230769230769
"495","Amouli","SE",54,"Amouli_6",6,"CCA",39.2307692307692
"496","Amouli","SE",54,"Amouli_6",6,"SAND",0
"497","Amouli","SE",54,"Amouli_6",6,"FCA",19.2307692307692
"498","Amouli","SE",54,"Amouli_6",6,"RUB",0
"499","Amouli","SE",54,"Amouli_6",6,"TURF",2.30769230769231
"500","Amouli","SE",54,"Amouli_6",6,"HALI",0
"501","Amouli","SE",51,"Amouli_3",3,"CORAL",13.0769230769231
"502","Amouli","SE",51,"Amouli_3",3,"OI",2.30769230769231
"503","Amouli","SE",51,"Amouli_3",3,"MA_noHALI",1.53846153846154
"504","Amouli","SE",51,"Amouli_3",3,"BCA",0
"505","Amouli","SE",51,"Amouli_3",3,"CCA",49.2307692307692
"506","Amouli","SE",51,"Amouli_3",3,"SAND",0
"507","Amouli","SE",51,"Amouli_3",3,"FCA",31.5384615384615
"508","Amouli","SE",51,"Amouli_3",3,"RUB",0
"509","Amouli","SE",51,"Amouli_3",3,"TURF",2.30769230769231
"510","Amouli","SE",51,"Amouli_3",3,"HALI",0
"511","Amouli","SE",50,"Amouli_2",2,"CORAL",21.5384615384615
"512","Amouli","SE",50,"Amouli_2",2,"OI",3.07692307692308
"513","Amouli","SE",50,"Amouli_2",2,"MA_noHALI",0.769230769230769
"514","Amouli","SE",50,"Amouli_2",2,"BCA",0
"515","Amouli","SE",50,"Amouli_2",2,"CCA",40
"516","Amouli","SE",50,"Amouli_2",2,"SAND",0
"517","Amouli","SE",50,"Amouli_2",2,"FCA",31.5384615384615
"518","Amouli","SE",50,"Amouli_2",2,"RUB",0
"519","Amouli","SE",50,"Amouli_2",2,"TURF",3.07692307692308
"520","Amouli","SE",50,"Amouli_2",2,"HALI",0
"521","Amouli","SE",53,"Amouli_5",5,"CORAL",27.2
"522","Amouli","SE",53,"Amouli_5",5,"OI",1.6
"523","Amouli","SE",53,"Amouli_5",5,"MA_noHALI",0
"524","Amouli","SE",53,"Amouli_5",5,"BCA",0
"525","Amouli","SE",53,"Amouli_5",5,"CCA",50.4
"526","Amouli","SE",53,"Amouli_5",5,"SAND",0
"527","Amouli","SE",53,"Amouli_5",5,"FCA",17.6
"528","Amouli","SE",53,"Amouli_5",5,"RUB",0
"529","Amouli","SE",53,"Amouli_5",5,"TURF",3.2
"530","Amouli","SE",53,"Amouli_5",5,"HALI",0
"531","Amouli","SE",49,"Amouli_1",1,"CORAL",30.7692307692308
"532","Amouli","SE",49,"Amouli_1",1,"OI",3.07692307692308
"533","Amouli","SE",49,"Amouli_1",1,"MA_noHALI",0
"534","Amouli","SE",49,"Amouli_1",1,"BCA",0.769230769230769
"535","Amouli","SE",49,"Amouli_1",1,"CCA",42.3076923076923
"536","Amouli","SE",49,"Amouli_1",1,"SAND",0
"537","Amouli","SE",49,"Amouli_1",1,"FCA",20.7692307692308
"538","Amouli","SE",49,"Amouli_1",1,"RUB",0
"539","Amouli","SE",49,"Amouli_1",1,"TURF",2.30769230769231
"540","Amouli","SE",49,"Amouli_1",1,"HALI",0
"541","Aoa","NE",55,"Aoa_1",1,"CORAL",41.5384615384615
"542","Aoa","NE",55,"Aoa_1",1,"OI",0
"543","Aoa","NE",55,"Aoa_1",1,"MA_noHALI",4.61538461538461
"544","Aoa","NE",55,"Aoa_1",1,"BCA",2.30769230769231
"545","Aoa","NE",55,"Aoa_1",1,"CCA",8.46153846153846
"546","Aoa","NE",55,"Aoa_1",1,"SAND",1.53846153846154
"547","Aoa","NE",55,"Aoa_1",1,"FCA",15.3846153846154
"548","Aoa","NE",55,"Aoa_1",1,"RUB",0
"549","Aoa","NE",55,"Aoa_1",1,"TURF",25.3846153846154
"550","Aoa","NE",55,"Aoa_1",1,"HALI",0
"551","Aoa","NE",58,"Aoa_4",4,"CORAL",50.7692307692308
"552","Aoa","NE",58,"Aoa_4",4,"OI",1.53846153846154
"553","Aoa","NE",58,"Aoa_4",4,"MA_noHALI",0
"554","Aoa","NE",58,"Aoa_4",4,"BCA",10.7692307692308
"555","Aoa","NE",58,"Aoa_4",4,"CCA",10
"556","Aoa","NE",58,"Aoa_4",4,"SAND",0.769230769230769
"557","Aoa","NE",58,"Aoa_4",4,"FCA",15.3846153846154
"558","Aoa","NE",58,"Aoa_4",4,"RUB",0
"559","Aoa","NE",58,"Aoa_4",4,"TURF",9.23076923076923
"560","Aoa","NE",58,"Aoa_4",4,"HALI",1.53846153846154
"561","Aoa","NE",56,"Aoa_2",2,"CORAL",37.6923076923077
"562","Aoa","NE",56,"Aoa_2",2,"OI",0
"563","Aoa","NE",56,"Aoa_2",2,"MA_noHALI",2.30769230769231
"564","Aoa","NE",56,"Aoa_2",2,"BCA",13.0769230769231
"565","Aoa","NE",56,"Aoa_2",2,"CCA",4.61538461538461
"566","Aoa","NE",56,"Aoa_2",2,"SAND",0.769230769230769
"567","Aoa","NE",56,"Aoa_2",2,"FCA",23.8461538461538
"568","Aoa","NE",56,"Aoa_2",2,"RUB",0
"569","Aoa","NE",56,"Aoa_2",2,"TURF",16.9230769230769
"570","Aoa","NE",56,"Aoa_2",2,"HALI",0.769230769230769
"571","Aoa","NE",57,"Aoa_3",3,"CORAL",59.2307692307692
"572","Aoa","NE",57,"Aoa_3",3,"OI",0
"573","Aoa","NE",57,"Aoa_3",3,"MA_noHALI",0
"574","Aoa","NE",57,"Aoa_3",3,"BCA",18.4615384615385
"575","Aoa","NE",57,"Aoa_3",3,"CCA",3.84615384615385
"576","Aoa","NE",57,"Aoa_3",3,"SAND",0
"577","Aoa","NE",57,"Aoa_3",3,"FCA",15.3846153846154
"578","Aoa","NE",57,"Aoa_3",3,"RUB",0
"579","Aoa","NE",57,"Aoa_3",3,"TURF",2.30769230769231
"580","Aoa","NE",57,"Aoa_3",3,"HALI",0.769230769230769
"581","Aoa","NE",60,"Aoa_6",6,"CORAL",60.7692307692308
"582","Aoa","NE",60,"Aoa_6",6,"OI",1.53846153846154
"583","Aoa","NE",60,"Aoa_6",6,"MA_noHALI",0.769230769230769
"584","Aoa","NE",60,"Aoa_6",6,"BCA",7.69230769230769
"585","Aoa","NE",60,"Aoa_6",6,"CCA",16.1538461538462
"586","Aoa","NE",60,"Aoa_6",6,"SAND",0
"587","Aoa","NE",60,"Aoa_6",6,"FCA",10.7692307692308
"588","Aoa","NE",60,"Aoa_6",6,"RUB",0
"589","Aoa","NE",60,"Aoa_6",6,"TURF",2.30769230769231
"590","Aoa","NE",60,"Aoa_6",6,"HALI",0
"591","Aoa","NE",59,"Aoa_5",5,"CORAL",43.8461538461538
"592","Aoa","NE",59,"Aoa_5",5,"OI",0
"593","Aoa","NE",59,"Aoa_5",5,"MA_noHALI",0
"594","Aoa","NE",59,"Aoa_5",5,"BCA",24.6153846153846
"595","Aoa","NE",59,"Aoa_5",5,"CCA",8.46153846153846
"596","Aoa","NE",59,"Aoa_5",5,"SAND",0
"597","Aoa","NE",59,"Aoa_5",5,"FCA",18.4615384615385
"598","Aoa","NE",59,"Aoa_5",5,"RUB",0
"599","Aoa","NE",59,"Aoa_5",5,"TURF",4.61538461538461
"600","Aoa","NE",59,"Aoa_5",5,"HALI",0
"601","Fagaalu","SE",66,"Fagaalu_6",6,"CORAL",7.69230769230769
"602","Fagaalu","SE",66,"Fagaalu_6",6,"OI",1.53846153846154
"603","Fagaalu","SE",66,"Fagaalu_6",6,"MA_noHALI",0
"604","Fagaalu","SE",66,"Fagaalu_6",6,"BCA",0
"605","Fagaalu","SE",66,"Fagaalu_6",6,"CCA",26.1538461538462
"606","Fagaalu","SE",66,"Fagaalu_6",6,"SAND",0
"607","Fagaalu","SE",66,"Fagaalu_6",6,"FCA",63.0769230769231
"608","Fagaalu","SE",66,"Fagaalu_6",6,"RUB",0
"609","Fagaalu","SE",66,"Fagaalu_6",6,"TURF",1.53846153846154
"610","Fagaalu","SE",66,"Fagaalu_6",6,"HALI",0
"611","Fagaalu","SE",62,"Fagaalu_2",2,"CORAL",13.8461538461538
"612","Fagaalu","SE",62,"Fagaalu_2",2,"OI",0
"613","Fagaalu","SE",62,"Fagaalu_2",2,"MA_noHALI",0
"614","Fagaalu","SE",62,"Fagaalu_2",2,"BCA",0
"615","Fagaalu","SE",62,"Fagaalu_2",2,"CCA",40.7692307692308
"616","Fagaalu","SE",62,"Fagaalu_2",2,"SAND",0
"617","Fagaalu","SE",62,"Fagaalu_2",2,"FCA",43.0769230769231
"618","Fagaalu","SE",62,"Fagaalu_2",2,"RUB",0
"619","Fagaalu","SE",62,"Fagaalu_2",2,"TURF",2.30769230769231
"620","Fagaalu","SE",62,"Fagaalu_2",2,"HALI",0
"621","Fagaalu","SE",65,"Fagaalu_5",5,"CORAL",12.3076923076923
"622","Fagaalu","SE",65,"Fagaalu_5",5,"OI",0
"623","Fagaalu","SE",65,"Fagaalu_5",5,"MA_noHALI",0
"624","Fagaalu","SE",65,"Fagaalu_5",5,"BCA",0
"625","Fagaalu","SE",65,"Fagaalu_5",5,"CCA",39.2307692307692
"626","Fagaalu","SE",65,"Fagaalu_5",5,"SAND",0
"627","Fagaalu","SE",65,"Fagaalu_5",5,"FCA",46.9230769230769
"628","Fagaalu","SE",65,"Fagaalu_5",5,"RUB",0
"629","Fagaalu","SE",65,"Fagaalu_5",5,"TURF",1.53846153846154
"630","Fagaalu","SE",65,"Fagaalu_5",5,"HALI",0
"631","Fagaalu","SE",64,"Fagaalu_4",4,"CORAL",11.5384615384615
"632","Fagaalu","SE",64,"Fagaalu_4",4,"OI",9.23076923076923
"633","Fagaalu","SE",64,"Fagaalu_4",4,"MA_noHALI",0
"634","Fagaalu","SE",64,"Fagaalu_4",4,"BCA",0
"635","Fagaalu","SE",64,"Fagaalu_4",4,"CCA",25.3846153846154
"636","Fagaalu","SE",64,"Fagaalu_4",4,"SAND",0
"637","Fagaalu","SE",64,"Fagaalu_4",4,"FCA",48.4615384615385
"638","Fagaalu","SE",64,"Fagaalu_4",4,"RUB",0
"639","Fagaalu","SE",64,"Fagaalu_4",4,"TURF",5.38461538461539
"640","Fagaalu","SE",64,"Fagaalu_4",4,"HALI",0
"641","Fagaalu","SE",61,"Fagaalu_1",1,"CORAL",0.769230769230769
"642","Fagaalu","SE",61,"Fagaalu_1",1,"OI",0
"643","Fagaalu","SE",61,"Fagaalu_1",1,"MA_noHALI",0
"644","Fagaalu","SE",61,"Fagaalu_1",1,"BCA",0
"645","Fagaalu","SE",61,"Fagaalu_1",1,"CCA",32.3076923076923
"646","Fagaalu","SE",61,"Fagaalu_1",1,"SAND",0
"647","Fagaalu","SE",61,"Fagaalu_1",1,"FCA",62.3076923076923
"648","Fagaalu","SE",61,"Fagaalu_1",1,"RUB",0
"649","Fagaalu","SE",61,"Fagaalu_1",1,"TURF",3.07692307692308
"650","Fagaalu","SE",61,"Fagaalu_1",1,"HALI",1.53846153846154
"651","Fagaalu","SE",63,"Fagaalu_3",3,"CORAL",11.5384615384615
"652","Fagaalu","SE",63,"Fagaalu_3",3,"OI",0
"653","Fagaalu","SE",63,"Fagaalu_3",3,"MA_noHALI",0
"654","Fagaalu","SE",63,"Fagaalu_3",3,"BCA",0
"655","Fagaalu","SE",63,"Fagaalu_3",3,"CCA",31.5384615384615
"656","Fagaalu","SE",63,"Fagaalu_3",3,"SAND",0
"657","Fagaalu","SE",63,"Fagaalu_3",3,"FCA",54.6153846153846
"658","Fagaalu","SE",63,"Fagaalu_3",3,"RUB",0
"659","Fagaalu","SE",63,"Fagaalu_3",3,"TURF",2.30769230769231
"660","Fagaalu","SE",63,"Fagaalu_3",3,"HALI",0
"661","Fagaitua","SE",71,"Fagaitua_5",5,"CORAL",42.3076923076923
"662","Fagaitua","SE",71,"Fagaitua_5",5,"OI",0.769230769230769
"663","Fagaitua","SE",71,"Fagaitua_5",5,"MA_noHALI",0.769230769230769
"664","Fagaitua","SE",71,"Fagaitua_5",5,"BCA",3.84615384615385
"665","Fagaitua","SE",71,"Fagaitua_5",5,"CCA",35.3846153846154
"666","Fagaitua","SE",71,"Fagaitua_5",5,"SAND",0
"667","Fagaitua","SE",71,"Fagaitua_5",5,"FCA",10
"668","Fagaitua","SE",71,"Fagaitua_5",5,"RUB",0
"669","Fagaitua","SE",71,"Fagaitua_5",5,"TURF",6.15384615384615
"670","Fagaitua","SE",71,"Fagaitua_5",5,"HALI",0.769230769230769
"671","Fagaitua","SE",68,"Fagaitua_2",2,"CORAL",40.7692307692308
"672","Fagaitua","SE",68,"Fagaitua_2",2,"OI",2.30769230769231
"673","Fagaitua","SE",68,"Fagaitua_2",2,"MA_noHALI",2.30769230769231
"674","Fagaitua","SE",68,"Fagaitua_2",2,"BCA",2.30769230769231
"675","Fagaitua","SE",68,"Fagaitua_2",2,"CCA",18.4615384615385
"676","Fagaitua","SE",68,"Fagaitua_2",2,"SAND",0
"677","Fagaitua","SE",68,"Fagaitua_2",2,"FCA",24.6153846153846
"678","Fagaitua","SE",68,"Fagaitua_2",2,"RUB",0.769230769230769
"679","Fagaitua","SE",68,"Fagaitua_2",2,"TURF",6.92307692307692
"680","Fagaitua","SE",68,"Fagaitua_2",2,"HALI",1.53846153846154
"681","Fagaitua","SE",69,"Fagaitua_3",3,"CORAL",40.7692307692308
"682","Fagaitua","SE",69,"Fagaitua_3",3,"OI",0
"683","Fagaitua","SE",69,"Fagaitua_3",3,"MA_noHALI",0
"684","Fagaitua","SE",69,"Fagaitua_3",3,"BCA",6.92307692307692
"685","Fagaitua","SE",69,"Fagaitua_3",3,"CCA",27.6923076923077
"686","Fagaitua","SE",69,"Fagaitua_3",3,"SAND",0
"687","Fagaitua","SE",69,"Fagaitua_3",3,"FCA",14.6153846153846
"688","Fagaitua","SE",69,"Fagaitua_3",3,"RUB",0
"689","Fagaitua","SE",69,"Fagaitua_3",3,"TURF",8.46153846153846
"690","Fagaitua","SE",69,"Fagaitua_3",3,"HALI",1.53846153846154
"691","Fagaitua","SE",70,"Fagaitua_4",4,"CORAL",41.5384615384615
"692","Fagaitua","SE",70,"Fagaitua_4",4,"OI",3.07692307692308
"693","Fagaitua","SE",70,"Fagaitua_4",4,"MA_noHALI",1.53846153846154
"694","Fagaitua","SE",70,"Fagaitua_4",4,"BCA",5.38461538461539
"695","Fagaitua","SE",70,"Fagaitua_4",4,"CCA",32.3076923076923
"696","Fagaitua","SE",70,"Fagaitua_4",4,"SAND",0
"697","Fagaitua","SE",70,"Fagaitua_4",4,"FCA",13.0769230769231
"698","Fagaitua","SE",70,"Fagaitua_4",4,"RUB",0
"699","Fagaitua","SE",70,"Fagaitua_4",4,"TURF",2.30769230769231
"700","Fagaitua","SE",70,"Fagaitua_4",4,"HALI",0.769230769230769
"701","Fagaitua","SE",67,"Fagaitua_1",1,"CORAL",44.6153846153846
"702","Fagaitua","SE",67,"Fagaitua_1",1,"OI",0.769230769230769
"703","Fagaitua","SE",67,"Fagaitua_1",1,"MA_noHALI",0
"704","Fagaitua","SE",67,"Fagaitua_1",1,"BCA",1.53846153846154
"705","Fagaitua","SE",67,"Fagaitua_1",1,"CCA",33.8461538461538
"706","Fagaitua","SE",67,"Fagaitua_1",1,"SAND",0
"707","Fagaitua","SE",67,"Fagaitua_1",1,"FCA",14.6153846153846
"708","Fagaitua","SE",67,"Fagaitua_1",1,"RUB",0
"709","Fagaitua","SE",67,"Fagaitua_1",1,"TURF",4.61538461538461
"710","Fagaitua","SE",67,"Fagaitua_1",1,"HALI",0
"711","Fagaitua","SE",72,"Fagaitua_6",6,"CORAL",38.4615384615385
"712","Fagaitua","SE",72,"Fagaitua_6",6,"OI",0.769230769230769
"713","Fagaitua","SE",72,"Fagaitua_6",6,"MA_noHALI",0
"714","Fagaitua","SE",72,"Fagaitua_6",6,"BCA",5.38461538461539
"715","Fagaitua","SE",72,"Fagaitua_6",6,"CCA",32.3076923076923
"716","Fagaitua","SE",72,"Fagaitua_6",6,"SAND",0
"717","Fagaitua","SE",72,"Fagaitua_6",6,"FCA",16.9230769230769
"718","Fagaitua","SE",72,"Fagaitua_6",6,"RUB",0
"719","Fagaitua","SE",72,"Fagaitua_6",6,"TURF",3.84615384615385
"720","Fagaitua","SE",72,"Fagaitua_6",6,"HALI",2.30769230769231
"721","Fagamalo","NW",78,"Fagamalo_6",6,"CORAL",14.6153846153846
"722","Fagamalo","NW",78,"Fagamalo_6",6,"OI",0
"723","Fagamalo","NW",78,"Fagamalo_6",6,"MA_noHALI",0.769230769230769
"724","Fagamalo","NW",78,"Fagamalo_6",6,"BCA",0.769230769230769
"725","Fagamalo","NW",78,"Fagamalo_6",6,"CCA",34.6153846153846
"726","Fagamalo","NW",78,"Fagamalo_6",6,"SAND",0
"727","Fagamalo","NW",78,"Fagamalo_6",6,"FCA",29.2307692307692
"728","Fagamalo","NW",78,"Fagamalo_6",6,"RUB",0
"729","Fagamalo","NW",78,"Fagamalo_6",6,"TURF",19.2307692307692
"730","Fagamalo","NW",78,"Fagamalo_6",6,"HALI",0.769230769230769
"731","Fagamalo","NW",76,"Fagamalo_4",4,"CORAL",16.9230769230769
"732","Fagamalo","NW",76,"Fagamalo_4",4,"OI",0
"733","Fagamalo","NW",76,"Fagamalo_4",4,"MA_noHALI",0
"734","Fagamalo","NW",76,"Fagamalo_4",4,"BCA",0
"735","Fagamalo","NW",76,"Fagamalo_4",4,"CCA",42.3076923076923
"736","Fagamalo","NW",76,"Fagamalo_4",4,"SAND",0
"737","Fagamalo","NW",76,"Fagamalo_4",4,"FCA",23.0769230769231
"738","Fagamalo","NW",76,"Fagamalo_4",4,"RUB",0
"739","Fagamalo","NW",76,"Fagamalo_4",4,"TURF",17.6923076923077
"740","Fagamalo","NW",76,"Fagamalo_4",4,"HALI",0
"741","Fagamalo","NW",73,"Fagamalo_1",1,"CORAL",30
"742","Fagamalo","NW",73,"Fagamalo_1",1,"OI",0
"743","Fagamalo","NW",73,"Fagamalo_1",1,"MA_noHALI",0
"744","Fagamalo","NW",73,"Fagamalo_1",1,"BCA",1.53846153846154
"745","Fagamalo","NW",73,"Fagamalo_1",1,"CCA",25.3846153846154
"746","Fagamalo","NW",73,"Fagamalo_1",1,"SAND",0
"747","Fagamalo","NW",73,"Fagamalo_1",1,"FCA",24.6153846153846
"748","Fagamalo","NW",73,"Fagamalo_1",1,"RUB",0
"749","Fagamalo","NW",73,"Fagamalo_1",1,"TURF",16.9230769230769
"750","Fagamalo","NW",73,"Fagamalo_1",1,"HALI",1.53846153846154
"751","Fagamalo","NW",74,"Fagamalo_2",2,"CORAL",25.3846153846154
"752","Fagamalo","NW",74,"Fagamalo_2",2,"OI",0
"753","Fagamalo","NW",74,"Fagamalo_2",2,"MA_noHALI",0
"754","Fagamalo","NW",74,"Fagamalo_2",2,"BCA",0.769230769230769
"755","Fagamalo","NW",74,"Fagamalo_2",2,"CCA",26.9230769230769
"756","Fagamalo","NW",74,"Fagamalo_2",2,"SAND",0
"757","Fagamalo","NW",74,"Fagamalo_2",2,"FCA",23.0769230769231
"758","Fagamalo","NW",74,"Fagamalo_2",2,"RUB",0
"759","Fagamalo","NW",74,"Fagamalo_2",2,"TURF",20.7692307692308
"760","Fagamalo","NW",74,"Fagamalo_2",2,"HALI",3.07692307692308
"761","Fagamalo","NW",75,"Fagamalo_3",3,"CORAL",31.5384615384615
"762","Fagamalo","NW",75,"Fagamalo_3",3,"OI",0
"763","Fagamalo","NW",75,"Fagamalo_3",3,"MA_noHALI",0
"764","Fagamalo","NW",75,"Fagamalo_3",3,"BCA",4.61538461538461
"765","Fagamalo","NW",75,"Fagamalo_3",3,"CCA",23.8461538461538
"766","Fagamalo","NW",75,"Fagamalo_3",3,"SAND",0.769230769230769
"767","Fagamalo","NW",75,"Fagamalo_3",3,"FCA",16.1538461538462
"768","Fagamalo","NW",75,"Fagamalo_3",3,"RUB",0
"769","Fagamalo","NW",75,"Fagamalo_3",3,"TURF",20
"770","Fagamalo","NW",75,"Fagamalo_3",3,"HALI",3.07692307692308
"771","Fagamalo","NW",77,"Fagamalo_5",5,"CORAL",10.7692307692308
"772","Fagamalo","NW",77,"Fagamalo_5",5,"OI",0
"773","Fagamalo","NW",77,"Fagamalo_5",5,"MA_noHALI",0
"774","Fagamalo","NW",77,"Fagamalo_5",5,"BCA",0
"775","Fagamalo","NW",77,"Fagamalo_5",5,"CCA",41.5384615384615
"776","Fagamalo","NW",77,"Fagamalo_5",5,"SAND",0
"777","Fagamalo","NW",77,"Fagamalo_5",5,"FCA",27.6923076923077
"778","Fagamalo","NW",77,"Fagamalo_5",5,"RUB",0
"779","Fagamalo","NW",77,"Fagamalo_5",5,"TURF",12.3076923076923
"780","Fagamalo","NW",77,"Fagamalo_5",5,"HALI",0
"781","Fagasa2","NW",79,"Fagasa2_1",1,"CORAL",26.9230769230769
"782","Fagasa2","NW",79,"Fagasa2_1",1,"OI",0
"783","Fagasa2","NW",79,"Fagasa2_1",1,"MA_noHALI",0
"784","Fagasa2","NW",79,"Fagasa2_1",1,"BCA",8.46153846153846
"785","Fagasa2","NW",79,"Fagasa2_1",1,"CCA",10.7692307692308
"786","Fagasa2","NW",79,"Fagasa2_1",1,"SAND",0
"787","Fagasa2","NW",79,"Fagasa2_1",1,"FCA",13.8461538461538
"788","Fagasa2","NW",79,"Fagasa2_1",1,"RUB",0
"789","Fagasa2","NW",79,"Fagasa2_1",1,"TURF",32.3076923076923
"790","Fagasa2","NW",79,"Fagasa2_1",1,"HALI",7.69230769230769
"791","Fagasa2","NW",83,"Fagasa2_5",5,"CORAL",13.8461538461538
"792","Fagasa2","NW",83,"Fagasa2_5",5,"OI",0
"793","Fagasa2","NW",83,"Fagasa2_5",5,"MA_noHALI",8.46153846153846
"794","Fagasa2","NW",83,"Fagasa2_5",5,"BCA",1.53846153846154
"795","Fagasa2","NW",83,"Fagasa2_5",5,"CCA",35.3846153846154
"796","Fagasa2","NW",83,"Fagasa2_5",5,"SAND",0
"797","Fagasa2","NW",83,"Fagasa2_5",5,"FCA",20.7692307692308
"798","Fagasa2","NW",83,"Fagasa2_5",5,"RUB",0
"799","Fagasa2","NW",83,"Fagasa2_5",5,"TURF",18.4615384615385
"800","Fagasa2","NW",83,"Fagasa2_5",5,"HALI",1.53846153846154
"801","Fagasa2","NW",80,"Fagasa2_2",2,"CORAL",30.7692307692308
"802","Fagasa2","NW",80,"Fagasa2_2",2,"OI",0
"803","Fagasa2","NW",80,"Fagasa2_2",2,"MA_noHALI",0
"804","Fagasa2","NW",80,"Fagasa2_2",2,"BCA",21.5384615384615
"805","Fagasa2","NW",80,"Fagasa2_2",2,"CCA",9.23076923076923
"806","Fagasa2","NW",80,"Fagasa2_2",2,"SAND",1.53846153846154
"807","Fagasa2","NW",80,"Fagasa2_2",2,"FCA",7.69230769230769
"808","Fagasa2","NW",80,"Fagasa2_2",2,"RUB",0
"809","Fagasa2","NW",80,"Fagasa2_2",2,"TURF",23.8461538461538
"810","Fagasa2","NW",80,"Fagasa2_2",2,"HALI",5.38461538461539
"811","Fagasa2","NW",81,"Fagasa2_3",3,"CORAL",21.5384615384615
"812","Fagasa2","NW",81,"Fagasa2_3",3,"OI",0
"813","Fagasa2","NW",81,"Fagasa2_3",3,"MA_noHALI",7.69230769230769
"814","Fagasa2","NW",81,"Fagasa2_3",3,"BCA",3.07692307692308
"815","Fagasa2","NW",81,"Fagasa2_3",3,"CCA",13.8461538461538
"816","Fagasa2","NW",81,"Fagasa2_3",3,"SAND",0
"817","Fagasa2","NW",81,"Fagasa2_3",3,"FCA",20.7692307692308
"818","Fagasa2","NW",81,"Fagasa2_3",3,"RUB",0
"819","Fagasa2","NW",81,"Fagasa2_3",3,"TURF",30.7692307692308
"820","Fagasa2","NW",81,"Fagasa2_3",3,"HALI",2.30769230769231
"821","Fagasa2","NW",82,"Fagasa2_4",4,"CORAL",26.1538461538462
"822","Fagasa2","NW",82,"Fagasa2_4",4,"OI",3.07692307692308
"823","Fagasa2","NW",82,"Fagasa2_4",4,"MA_noHALI",0.769230769230769
"824","Fagasa2","NW",82,"Fagasa2_4",4,"BCA",4.61538461538461
"825","Fagasa2","NW",82,"Fagasa2_4",4,"CCA",13.8461538461538
"826","Fagasa2","NW",82,"Fagasa2_4",4,"SAND",0
"827","Fagasa2","NW",82,"Fagasa2_4",4,"FCA",18.4615384615385
"828","Fagasa2","NW",82,"Fagasa2_4",4,"RUB",0
"829","Fagasa2","NW",82,"Fagasa2_4",4,"TURF",26.1538461538462
"830","Fagasa2","NW",82,"Fagasa2_4",4,"HALI",6.92307692307692
"831","Fagasa2","NW",84,"Fagasa2_6",6,"CORAL",10
"832","Fagasa2","NW",84,"Fagasa2_6",6,"OI",0.769230769230769
"833","Fagasa2","NW",84,"Fagasa2_6",6,"MA_noHALI",0
"834","Fagasa2","NW",84,"Fagasa2_6",6,"BCA",2.30769230769231
"835","Fagasa2","NW",84,"Fagasa2_6",6,"CCA",42.3076923076923
"836","Fagasa2","NW",84,"Fagasa2_6",6,"SAND",0
"837","Fagasa2","NW",84,"Fagasa2_6",6,"FCA",15.3846153846154
"838","Fagasa2","NW",84,"Fagasa2_6",6,"RUB",0
"839","Fagasa2","NW",84,"Fagasa2_6",6,"TURF",21.5384615384615
"840","Fagasa2","NW",84,"Fagasa2_6",6,"HALI",7.69230769230769
"841","Fagatele","SW",88,"Fagatele_4",4,"CORAL",36.1538461538462
"842","Fagatele","SW",88,"Fagatele_4",4,"OI",3.84615384615385
"843","Fagatele","SW",88,"Fagatele_4",4,"MA_noHALI",0.769230769230769
"844","Fagatele","SW",88,"Fagatele_4",4,"BCA",0.769230769230769
"845","Fagatele","SW",88,"Fagatele_4",4,"CCA",30
"846","Fagatele","SW",88,"Fagatele_4",4,"SAND",0
"847","Fagatele","SW",88,"Fagatele_4",4,"FCA",23.8461538461538
"848","Fagatele","SW",88,"Fagatele_4",4,"RUB",0
"849","Fagatele","SW",88,"Fagatele_4",4,"TURF",2.30769230769231
"850","Fagatele","SW",88,"Fagatele_4",4,"HALI",2.30769230769231
"851","Fagatele","SW",87,"Fagatele_3",3,"CORAL",50
"852","Fagatele","SW",87,"Fagatele_3",3,"OI",0.769230769230769
"853","Fagatele","SW",87,"Fagatele_3",3,"MA_noHALI",0.769230769230769
"854","Fagatele","SW",87,"Fagatele_3",3,"BCA",0
"855","Fagatele","SW",87,"Fagatele_3",3,"CCA",20
"856","Fagatele","SW",87,"Fagatele_3",3,"SAND",0
"857","Fagatele","SW",87,"Fagatele_3",3,"FCA",22.3076923076923
"858","Fagatele","SW",87,"Fagatele_3",3,"RUB",0
"859","Fagatele","SW",87,"Fagatele_3",3,"TURF",4.61538461538461
"860","Fagatele","SW",87,"Fagatele_3",3,"HALI",1.53846153846154
"861","Fagatele","SW",85,"Fagatele_1",1,"CORAL",40.7692307692308
"862","Fagatele","SW",85,"Fagatele_1",1,"OI",4.61538461538461
"863","Fagatele","SW",85,"Fagatele_1",1,"MA_noHALI",3.07692307692308
"864","Fagatele","SW",85,"Fagatele_1",1,"BCA",0.769230769230769
"865","Fagatele","SW",85,"Fagatele_1",1,"CCA",17.6923076923077
"866","Fagatele","SW",85,"Fagatele_1",1,"SAND",0
"867","Fagatele","SW",85,"Fagatele_1",1,"FCA",19.2307692307692
"868","Fagatele","SW",85,"Fagatele_1",1,"RUB",0.769230769230769
"869","Fagatele","SW",85,"Fagatele_1",1,"TURF",6.92307692307692
"870","Fagatele","SW",85,"Fagatele_1",1,"HALI",6.15384615384615
"871","Fagatele","SW",89,"Fagatele_5",5,"CORAL",39.2307692307692
"872","Fagatele","SW",89,"Fagatele_5",5,"OI",3.07692307692308
"873","Fagatele","SW",89,"Fagatele_5",5,"MA_noHALI",3.07692307692308
"874","Fagatele","SW",89,"Fagatele_5",5,"BCA",1.53846153846154
"875","Fagatele","SW",89,"Fagatele_5",5,"CCA",31.5384615384615
"876","Fagatele","SW",89,"Fagatele_5",5,"SAND",0
"877","Fagatele","SW",89,"Fagatele_5",5,"FCA",13.0769230769231
"878","Fagatele","SW",89,"Fagatele_5",5,"RUB",0
"879","Fagatele","SW",89,"Fagatele_5",5,"TURF",5.38461538461539
"880","Fagatele","SW",89,"Fagatele_5",5,"HALI",3.07692307692308
"881","Fagatele","SW",86,"Fagatele_2",2,"CORAL",46.9230769230769
"882","Fagatele","SW",86,"Fagatele_2",2,"OI",0.769230769230769
"883","Fagatele","SW",86,"Fagatele_2",2,"MA_noHALI",1.53846153846154
"884","Fagatele","SW",86,"Fagatele_2",2,"BCA",0
"885","Fagatele","SW",86,"Fagatele_2",2,"CCA",24.6153846153846
"886","Fagatele","SW",86,"Fagatele_2",2,"SAND",0
"887","Fagatele","SW",86,"Fagatele_2",2,"FCA",13.0769230769231
"888","Fagatele","SW",86,"Fagatele_2",2,"RUB",0
"889","Fagatele","SW",86,"Fagatele_2",2,"TURF",9.23076923076923
"890","Fagatele","SW",86,"Fagatele_2",2,"HALI",3.84615384615385
"891","Fagatele","SW",90,"Fagatele_6",6,"CORAL",32.3076923076923
"892","Fagatele","SW",90,"Fagatele_6",6,"OI",2.30769230769231
"893","Fagatele","SW",90,"Fagatele_6",6,"MA_noHALI",6.92307692307692
"894","Fagatele","SW",90,"Fagatele_6",6,"BCA",0.769230769230769
"895","Fagatele","SW",90,"Fagatele_6",6,"CCA",35.3846153846154
"896","Fagatele","SW",90,"Fagatele_6",6,"SAND",0
"897","Fagatele","SW",90,"Fagatele_6",6,"FCA",20.7692307692308
"898","Fagatele","SW",90,"Fagatele_6",6,"RUB",0
"899","Fagatele","SW",90,"Fagatele_6",6,"TURF",1.53846153846154
"900","Fagatele","SW",90,"Fagatele_6",6,"HALI",0
"901","Laulii","SE",92,"Laulii_2",2,"CORAL",17.6
"902","Laulii","SE",92,"Laulii_2",2,"OI",4
"903","Laulii","SE",92,"Laulii_2",2,"MA_noHALI",0.8
"904","Laulii","SE",92,"Laulii_2",2,"BCA",2.4
"905","Laulii","SE",92,"Laulii_2",2,"CCA",36
"906","Laulii","SE",92,"Laulii_2",2,"SAND",0
"907","Laulii","SE",92,"Laulii_2",2,"FCA",34.4
"908","Laulii","SE",92,"Laulii_2",2,"RUB",0.8
"909","Laulii","SE",92,"Laulii_2",2,"TURF",4
"910","Laulii","SE",92,"Laulii_2",2,"HALI",0
"911","Laulii","SE",93,"Laulii_3",3,"CORAL",25.3846153846154
"912","Laulii","SE",93,"Laulii_3",3,"OI",6.92307692307692
"913","Laulii","SE",93,"Laulii_3",3,"MA_noHALI",1.53846153846154
"914","Laulii","SE",93,"Laulii_3",3,"BCA",0
"915","Laulii","SE",93,"Laulii_3",3,"CCA",38.4615384615385
"916","Laulii","SE",93,"Laulii_3",3,"SAND",0
"917","Laulii","SE",93,"Laulii_3",3,"FCA",25.3846153846154
"918","Laulii","SE",93,"Laulii_3",3,"RUB",0
"919","Laulii","SE",93,"Laulii_3",3,"TURF",2.30769230769231
"920","Laulii","SE",93,"Laulii_3",3,"HALI",0
"921","Laulii","SE",94,"Laulii_4",4,"CORAL",34.6153846153846
"922","Laulii","SE",94,"Laulii_4",4,"OI",2.30769230769231
"923","Laulii","SE",94,"Laulii_4",4,"MA_noHALI",0
"924","Laulii","SE",94,"Laulii_4",4,"BCA",3.07692307692308
"925","Laulii","SE",94,"Laulii_4",4,"CCA",40
"926","Laulii","SE",94,"Laulii_4",4,"SAND",1.53846153846154
"927","Laulii","SE",94,"Laulii_4",4,"FCA",12.3076923076923
"928","Laulii","SE",94,"Laulii_4",4,"RUB",0
"929","Laulii","SE",94,"Laulii_4",4,"TURF",6.15384615384615
"930","Laulii","SE",94,"Laulii_4",4,"HALI",0
"931","Laulii","SE",96,"Laulii_6",6,"CORAL",22.3076923076923
"932","Laulii","SE",96,"Laulii_6",6,"OI",25.3846153846154
"933","Laulii","SE",96,"Laulii_6",6,"MA_noHALI",0.769230769230769
"934","Laulii","SE",96,"Laulii_6",6,"BCA",7.69230769230769
"935","Laulii","SE",96,"Laulii_6",6,"CCA",24.6153846153846
"936","Laulii","SE",96,"Laulii_6",6,"SAND",0
"937","Laulii","SE",96,"Laulii_6",6,"FCA",12.3076923076923
"938","Laulii","SE",96,"Laulii_6",6,"RUB",0.769230769230769
"939","Laulii","SE",96,"Laulii_6",6,"TURF",6.15384615384615
"940","Laulii","SE",96,"Laulii_6",6,"HALI",0
"941","Laulii","SE",91,"Laulii_1",1,"CORAL",16.9230769230769
"942","Laulii","SE",91,"Laulii_1",1,"OI",0
"943","Laulii","SE",91,"Laulii_1",1,"MA_noHALI",3.07692307692308
"944","Laulii","SE",91,"Laulii_1",1,"BCA",6.15384615384615
"945","Laulii","SE",91,"Laulii_1",1,"CCA",23.8461538461538
"946","Laulii","SE",91,"Laulii_1",1,"SAND",0
"947","Laulii","SE",91,"Laulii_1",1,"FCA",46.9230769230769
"948","Laulii","SE",91,"Laulii_1",1,"RUB",0
"949","Laulii","SE",91,"Laulii_1",1,"TURF",3.07692307692308
"950","Laulii","SE",91,"Laulii_1",1,"HALI",0
"951","Laulii","SE",95,"Laulii_5",5,"CORAL",17.6923076923077
"952","Laulii","SE",95,"Laulii_5",5,"OI",10.7692307692308
"953","Laulii","SE",95,"Laulii_5",5,"MA_noHALI",1.53846153846154
"954","Laulii","SE",95,"Laulii_5",5,"BCA",5.38461538461539
"955","Laulii","SE",95,"Laulii_5",5,"CCA",33.8461538461538
"956","Laulii","SE",95,"Laulii_5",5,"SAND",0
"957","Laulii","SE",95,"Laulii_5",5,"FCA",25.3846153846154
"958","Laulii","SE",95,"Laulii_5",5,"RUB",0
"959","Laulii","SE",95,"Laulii_5",5,"TURF",3.84615384615385
"960","Laulii","SE",95,"Laulii_5",5,"HALI",1.53846153846154
"961","Leone2","SW",98,"Leone2_2",2,"CORAL",44.6153846153846
"962","Leone2","SW",98,"Leone2_2",2,"OI",1.53846153846154
"963","Leone2","SW",98,"Leone2_2",2,"MA_noHALI",13.0769230769231
"964","Leone2","SW",98,"Leone2_2",2,"BCA",0.769230769230769
"965","Leone2","SW",98,"Leone2_2",2,"CCA",22.3076923076923
"966","Leone2","SW",98,"Leone2_2",2,"SAND",0
"967","Leone2","SW",98,"Leone2_2",2,"FCA",11.5384615384615
"968","Leone2","SW",98,"Leone2_2",2,"RUB",0
"969","Leone2","SW",98,"Leone2_2",2,"TURF",6.15384615384615
"970","Leone2","SW",98,"Leone2_2",2,"HALI",0
"971","Leone2","SW",100,"Leone2_4",4,"CORAL",48.4615384615385
"972","Leone2","SW",100,"Leone2_4",4,"OI",0
"973","Leone2","SW",100,"Leone2_4",4,"MA_noHALI",6.15384615384615
"974","Leone2","SW",100,"Leone2_4",4,"BCA",0
"975","Leone2","SW",100,"Leone2_4",4,"CCA",24.6153846153846
"976","Leone2","SW",100,"Leone2_4",4,"SAND",0
"977","Leone2","SW",100,"Leone2_4",4,"FCA",13.0769230769231
"978","Leone2","SW",100,"Leone2_4",4,"RUB",0
"979","Leone2","SW",100,"Leone2_4",4,"TURF",5.38461538461539
"980","Leone2","SW",100,"Leone2_4",4,"HALI",2.30769230769231
"981","Leone2","SW",101,"Leone2_5",5,"CORAL",42.3076923076923
"982","Leone2","SW",101,"Leone2_5",5,"OI",2.30769230769231
"983","Leone2","SW",101,"Leone2_5",5,"MA_noHALI",3.84615384615385
"984","Leone2","SW",101,"Leone2_5",5,"BCA",0
"985","Leone2","SW",101,"Leone2_5",5,"CCA",20
"986","Leone2","SW",101,"Leone2_5",5,"SAND",0
"987","Leone2","SW",101,"Leone2_5",5,"FCA",14.6153846153846
"988","Leone2","SW",101,"Leone2_5",5,"RUB",0
"989","Leone2","SW",101,"Leone2_5",5,"TURF",16.9230769230769
"990","Leone2","SW",101,"Leone2_5",5,"HALI",0
"991","Leone2","SW",102,"Leone2_6",6,"CORAL",38.4615384615385
"992","Leone2","SW",102,"Leone2_6",6,"OI",1.53846153846154
"993","Leone2","SW",102,"Leone2_6",6,"MA_noHALI",14.6153846153846
"994","Leone2","SW",102,"Leone2_6",6,"BCA",0
"995","Leone2","SW",102,"Leone2_6",6,"CCA",31.5384615384615
"996","Leone2","SW",102,"Leone2_6",6,"SAND",0
"997","Leone2","SW",102,"Leone2_6",6,"FCA",12.3076923076923
"998","Leone2","SW",102,"Leone2_6",6,"RUB",0
"999","Leone2","SW",102,"Leone2_6",6,"TURF",1.53846153846154
"1000","Leone2","SW",102,"Leone2_6",6,"HALI",0
"1001","Leone2","SW",99,"Leone2_3",3,"CORAL",48.4615384615385
"1002","Leone2","SW",99,"Leone2_3",3,"OI",0.769230769230769
"1003","Leone2","SW",99,"Leone2_3",3,"MA_noHALI",12.3076923076923
"1004","Leone2","SW",99,"Leone2_3",3,"BCA",0
"1005","Leone2","SW",99,"Leone2_3",3,"CCA",26.1538461538462
"1006","Leone2","SW",99,"Leone2_3",3,"SAND",0
"1007","Leone2","SW",99,"Leone2_3",3,"FCA",9.23076923076923
"1008","Leone2","SW",99,"Leone2_3",3,"RUB",0
"1009","Leone2","SW",99,"Leone2_3",3,"TURF",3.07692307692308
"1010","Leone2","SW",99,"Leone2_3",3,"HALI",0
"1011","Leone2","SW",97,"Leone2_1",1,"CORAL",50.7692307692308
"1012","Leone2","SW",97,"Leone2_1",1,"OI",2.30769230769231
"1013","Leone2","SW",97,"Leone2_1",1,"MA_noHALI",3.84615384615385
"1014","Leone2","SW",97,"Leone2_1",1,"BCA",0
"1015","Leone2","SW",97,"Leone2_1",1,"CCA",28.4615384615385
"1016","Leone2","SW",97,"Leone2_1",1,"SAND",0
"1017","Leone2","SW",97,"Leone2_1",1,"FCA",13.0769230769231
"1018","Leone2","SW",97,"Leone2_1",1,"RUB",0
"1019","Leone2","SW",97,"Leone2_1",1,"TURF",1.53846153846154
"1020","Leone2","SW",97,"Leone2_1",1,"HALI",0
"1021","Maloata","NW",108,"Maloata_6",6,"CORAL",68.4615384615385
"1022","Maloata","NW",108,"Maloata_6",6,"OI",0
"1023","Maloata","NW",108,"Maloata_6",6,"MA_noHALI",0
"1024","Maloata","NW",108,"Maloata_6",6,"BCA",0
"1025","Maloata","NW",108,"Maloata_6",6,"CCA",18.4615384615385
"1026","Maloata","NW",108,"Maloata_6",6,"SAND",0
"1027","Maloata","NW",108,"Maloata_6",6,"FCA",12.3076923076923
"1028","Maloata","NW",108,"Maloata_6",6,"RUB",0
"1029","Maloata","NW",108,"Maloata_6",6,"TURF",0.769230769230769
"1030","Maloata","NW",108,"Maloata_6",6,"HALI",0
"1031","Maloata","NW",107,"Maloata_5",5,"CORAL",62.3076923076923
"1032","Maloata","NW",107,"Maloata_5",5,"OI",0
"1033","Maloata","NW",107,"Maloata_5",5,"MA_noHALI",0
"1034","Maloata","NW",107,"Maloata_5",5,"BCA",0
"1035","Maloata","NW",107,"Maloata_5",5,"CCA",26.1538461538462
"1036","Maloata","NW",107,"Maloata_5",5,"SAND",0
"1037","Maloata","NW",107,"Maloata_5",5,"FCA",10.7692307692308
"1038","Maloata","NW",107,"Maloata_5",5,"RUB",0
"1039","Maloata","NW",107,"Maloata_5",5,"TURF",0.769230769230769
"1040","Maloata","NW",107,"Maloata_5",5,"HALI",0
"1041","Maloata","NW",103,"Maloata_1",1,"CORAL",56.1538461538462
"1042","Maloata","NW",103,"Maloata_1",1,"OI",0
"1043","Maloata","NW",103,"Maloata_1",1,"MA_noHALI",0
"1044","Maloata","NW",103,"Maloata_1",1,"BCA",6.15384615384615
"1045","Maloata","NW",103,"Maloata_1",1,"CCA",18.4615384615385
"1046","Maloata","NW",103,"Maloata_1",1,"SAND",0
"1047","Maloata","NW",103,"Maloata_1",1,"FCA",16.1538461538462
"1048","Maloata","NW",103,"Maloata_1",1,"RUB",0
"1049","Maloata","NW",103,"Maloata_1",1,"TURF",3.07692307692308
"1050","Maloata","NW",103,"Maloata_1",1,"HALI",0
"1051","Maloata","NW",105,"Maloata_3",3,"CORAL",55.3846153846154
"1052","Maloata","NW",105,"Maloata_3",3,"OI",0
"1053","Maloata","NW",105,"Maloata_3",3,"MA_noHALI",0
"1054","Maloata","NW",105,"Maloata_3",3,"BCA",2.30769230769231
"1055","Maloata","NW",105,"Maloata_3",3,"CCA",20
"1056","Maloata","NW",105,"Maloata_3",3,"SAND",0
"1057","Maloata","NW",105,"Maloata_3",3,"FCA",20.7692307692308
"1058","Maloata","NW",105,"Maloata_3",3,"RUB",0
"1059","Maloata","NW",105,"Maloata_3",3,"TURF",1.53846153846154
"1060","Maloata","NW",105,"Maloata_3",3,"HALI",0
"1061","Maloata","NW",106,"Maloata_4",4,"CORAL",60.7692307692308
"1062","Maloata","NW",106,"Maloata_4",4,"OI",0
"1063","Maloata","NW",106,"Maloata_4",4,"MA_noHALI",0
"1064","Maloata","NW",106,"Maloata_4",4,"BCA",0
"1065","Maloata","NW",106,"Maloata_4",4,"CCA",16.1538461538462
"1066","Maloata","NW",106,"Maloata_4",4,"SAND",0
"1067","Maloata","NW",106,"Maloata_4",4,"FCA",22.3076923076923
"1068","Maloata","NW",106,"Maloata_4",4,"RUB",0
"1069","Maloata","NW",106,"Maloata_4",4,"TURF",0.769230769230769
"1070","Maloata","NW",106,"Maloata_4",4,"HALI",0
"1071","Maloata","NW",104,"Maloata_2",2,"CORAL",45.3846153846154
"1072","Maloata","NW",104,"Maloata_2",2,"OI",0
"1073","Maloata","NW",104,"Maloata_2",2,"MA_noHALI",0
"1074","Maloata","NW",104,"Maloata_2",2,"BCA",0.769230769230769
"1075","Maloata","NW",104,"Maloata_2",2,"CCA",23.8461538461538
"1076","Maloata","NW",104,"Maloata_2",2,"SAND",0
"1077","Maloata","NW",104,"Maloata_2",2,"FCA",29.2307692307692
"1078","Maloata","NW",104,"Maloata_2",2,"RUB",0
"1079","Maloata","NW",104,"Maloata_2",2,"TURF",0
"1080","Maloata","NW",104,"Maloata_2",2,"HALI",0.769230769230769
"1081","Masausi","NE",110,"Masausi_2",2,"CORAL",46.1538461538462
"1082","Masausi","NE",110,"Masausi_2",2,"OI",0
"1083","Masausi","NE",110,"Masausi_2",2,"MA_noHALI",0
"1084","Masausi","NE",110,"Masausi_2",2,"BCA",2.30769230769231
"1085","Masausi","NE",110,"Masausi_2",2,"CCA",16.1538461538462
"1086","Masausi","NE",110,"Masausi_2",2,"SAND",0
"1087","Masausi","NE",110,"Masausi_2",2,"FCA",29.2307692307692
"1088","Masausi","NE",110,"Masausi_2",2,"RUB",0
"1089","Masausi","NE",110,"Masausi_2",2,"TURF",3.07692307692308
"1090","Masausi","NE",110,"Masausi_2",2,"HALI",3.07692307692308
"1091","Masausi","NE",109,"Masausi_1",1,"CORAL",48.4615384615385
"1092","Masausi","NE",109,"Masausi_1",1,"OI",1.53846153846154
"1093","Masausi","NE",109,"Masausi_1",1,"MA_noHALI",0
"1094","Masausi","NE",109,"Masausi_1",1,"BCA",0.769230769230769
"1095","Masausi","NE",109,"Masausi_1",1,"CCA",13.8461538461538
"1096","Masausi","NE",109,"Masausi_1",1,"SAND",0
"1097","Masausi","NE",109,"Masausi_1",1,"FCA",20.7692307692308
"1098","Masausi","NE",109,"Masausi_1",1,"RUB",0
"1099","Masausi","NE",109,"Masausi_1",1,"TURF",13.8461538461538
"1100","Masausi","NE",109,"Masausi_1",1,"HALI",0.769230769230769
"1101","Masausi","NE",112,"Masausi_4",4,"CORAL",38.4615384615385
"1102","Masausi","NE",112,"Masausi_4",4,"OI",0
"1103","Masausi","NE",112,"Masausi_4",4,"MA_noHALI",0
"1104","Masausi","NE",112,"Masausi_4",4,"BCA",2.30769230769231
"1105","Masausi","NE",112,"Masausi_4",4,"CCA",19.2307692307692
"1106","Masausi","NE",112,"Masausi_4",4,"SAND",0
"1107","Masausi","NE",112,"Masausi_4",4,"FCA",32.3076923076923
"1108","Masausi","NE",112,"Masausi_4",4,"RUB",0
"1109","Masausi","NE",112,"Masausi_4",4,"TURF",5.38461538461539
"1110","Masausi","NE",112,"Masausi_4",4,"HALI",1.53846153846154
"1111","Masausi","NE",114,"Masausi_6",6,"CORAL",48.4615384615385
"1112","Masausi","NE",114,"Masausi_6",6,"OI",0
"1113","Masausi","NE",114,"Masausi_6",6,"MA_noHALI",0
"1114","Masausi","NE",114,"Masausi_6",6,"BCA",3.84615384615385
"1115","Masausi","NE",114,"Masausi_6",6,"CCA",10.7692307692308
"1116","Masausi","NE",114,"Masausi_6",6,"SAND",0
"1117","Masausi","NE",114,"Masausi_6",6,"FCA",29.2307692307692
"1118","Masausi","NE",114,"Masausi_6",6,"RUB",0
"1119","Masausi","NE",114,"Masausi_6",6,"TURF",3.84615384615385
"1120","Masausi","NE",114,"Masausi_6",6,"HALI",3.84615384615385
"1121","Masausi","NE",113,"Masausi_5",5,"CORAL",36.9230769230769
"1122","Masausi","NE",113,"Masausi_5",5,"OI",0
"1123","Masausi","NE",113,"Masausi_5",5,"MA_noHALI",0
"1124","Masausi","NE",113,"Masausi_5",5,"BCA",1.53846153846154
"1125","Masausi","NE",113,"Masausi_5",5,"CCA",16.1538461538462
"1126","Masausi","NE",113,"Masausi_5",5,"SAND",0
"1127","Masausi","NE",113,"Masausi_5",5,"FCA",39.2307692307692
"1128","Masausi","NE",113,"Masausi_5",5,"RUB",0
"1129","Masausi","NE",113,"Masausi_5",5,"TURF",2.30769230769231
"1130","Masausi","NE",113,"Masausi_5",5,"HALI",3.84615384615385
"1131","Masausi","NE",111,"Masausi_3",3,"CORAL",50
"1132","Masausi","NE",111,"Masausi_3",3,"OI",0
"1133","Masausi","NE",111,"Masausi_3",3,"MA_noHALI",0
"1134","Masausi","NE",111,"Masausi_3",3,"BCA",1.53846153846154
"1135","Masausi","NE",111,"Masausi_3",3,"CCA",13.0769230769231
"1136","Masausi","NE",111,"Masausi_3",3,"SAND",0
"1137","Masausi","NE",111,"Masausi_3",3,"FCA",32.3076923076923
"1138","Masausi","NE",111,"Masausi_3",3,"RUB",0
"1139","Masausi","NE",111,"Masausi_3",3,"TURF",3.07692307692308
"1140","Masausi","NE",111,"Masausi_3",3,"HALI",0
"1141","Masefau","NE",120,"Masefau_6",6,"CORAL",0.769230769230769
"1142","Masefau","NE",120,"Masefau_6",6,"OI",0
"1143","Masefau","NE",120,"Masefau_6",6,"MA_noHALI",0
"1144","Masefau","NE",120,"Masefau_6",6,"BCA",20
"1145","Masefau","NE",120,"Masefau_6",6,"CCA",0
"1146","Masefau","NE",120,"Masefau_6",6,"SAND",30
"1147","Masefau","NE",120,"Masefau_6",6,"FCA",11.5384615384615
"1148","Masefau","NE",120,"Masefau_6",6,"RUB",15.3846153846154
"1149","Masefau","NE",120,"Masefau_6",6,"TURF",15.3846153846154
"1150","Masefau","NE",120,"Masefau_6",6,"HALI",6.92307692307692
"1151","Masefau","NE",116,"Masefau_2",2,"CORAL",6.92307692307692
"1152","Masefau","NE",116,"Masefau_2",2,"OI",0.769230769230769
"1153","Masefau","NE",116,"Masefau_2",2,"MA_noHALI",1.53846153846154
"1154","Masefau","NE",116,"Masefau_2",2,"BCA",14.6153846153846
"1155","Masefau","NE",116,"Masefau_2",2,"CCA",1.53846153846154
"1156","Masefau","NE",116,"Masefau_2",2,"SAND",13.0769230769231
"1157","Masefau","NE",116,"Masefau_2",2,"FCA",8.46153846153846
"1158","Masefau","NE",116,"Masefau_2",2,"RUB",8.46153846153846
"1159","Masefau","NE",116,"Masefau_2",2,"TURF",35.3846153846154
"1160","Masefau","NE",116,"Masefau_2",2,"HALI",9.23076923076923
"1161","Masefau","NE",117,"Masefau_3",3,"CORAL",0.769230769230769
"1162","Masefau","NE",117,"Masefau_3",3,"OI",0
"1163","Masefau","NE",117,"Masefau_3",3,"MA_noHALI",0
"1164","Masefau","NE",117,"Masefau_3",3,"BCA",10.7692307692308
"1165","Masefau","NE",117,"Masefau_3",3,"CCA",6.15384615384615
"1166","Masefau","NE",117,"Masefau_3",3,"SAND",8.46153846153846
"1167","Masefau","NE",117,"Masefau_3",3,"FCA",11.5384615384615
"1168","Masefau","NE",117,"Masefau_3",3,"RUB",25.3846153846154
"1169","Masefau","NE",117,"Masefau_3",3,"TURF",20
"1170","Masefau","NE",117,"Masefau_3",3,"HALI",16.9230769230769
"1171","Masefau","NE",118,"Masefau_4",4,"CORAL",4.8
"1172","Masefau","NE",118,"Masefau_4",4,"OI",0
"1173","Masefau","NE",118,"Masefau_4",4,"MA_noHALI",0
"1174","Masefau","NE",118,"Masefau_4",4,"BCA",8
"1175","Masefau","NE",118,"Masefau_4",4,"CCA",0
"1176","Masefau","NE",118,"Masefau_4",4,"SAND",24.8
"1177","Masefau","NE",118,"Masefau_4",4,"FCA",4
"1178","Masefau","NE",118,"Masefau_4",4,"RUB",7.2
"1179","Masefau","NE",118,"Masefau_4",4,"TURF",41.6
"1180","Masefau","NE",118,"Masefau_4",4,"HALI",9.6
"1181","Masefau","NE",115,"Masefau_1",1,"CORAL",8.46153846153846
"1182","Masefau","NE",115,"Masefau_1",1,"OI",0
"1183","Masefau","NE",115,"Masefau_1",1,"MA_noHALI",0
"1184","Masefau","NE",115,"Masefau_1",1,"BCA",16.1538461538462
"1185","Masefau","NE",115,"Masefau_1",1,"CCA",0.769230769230769
"1186","Masefau","NE",115,"Masefau_1",1,"SAND",9.23076923076923
"1187","Masefau","NE",115,"Masefau_1",1,"FCA",11.5384615384615
"1188","Masefau","NE",115,"Masefau_1",1,"RUB",6.15384615384615
"1189","Masefau","NE",115,"Masefau_1",1,"TURF",27.6923076923077
"1190","Masefau","NE",115,"Masefau_1",1,"HALI",20
"1191","Masefau","NE",119,"Masefau_5",5,"CORAL",4.61538461538461
"1192","Masefau","NE",119,"Masefau_5",5,"OI",0
"1193","Masefau","NE",119,"Masefau_5",5,"MA_noHALI",0
"1194","Masefau","NE",119,"Masefau_5",5,"BCA",16.9230769230769
"1195","Masefau","NE",119,"Masefau_5",5,"CCA",0
"1196","Masefau","NE",119,"Masefau_5",5,"SAND",14.6153846153846
"1197","Masefau","NE",119,"Masefau_5",5,"FCA",3.07692307692308
"1198","Masefau","NE",119,"Masefau_5",5,"RUB",13.8461538461538
"1199","Masefau","NE",119,"Masefau_5",5,"TURF",36.9230769230769
"1200","Masefau","NE",119,"Masefau_5",5,"HALI",10
"1201","Matuu","SE",126,"Matuu_6",6,"CORAL",21.5384615384615
"1202","Matuu","SE",126,"Matuu_6",6,"OI",7.69230769230769
"1203","Matuu","SE",126,"Matuu_6",6,"MA_noHALI",3.07692307692308
"1204","Matuu","SE",126,"Matuu_6",6,"BCA",0.769230769230769
"1205","Matuu","SE",126,"Matuu_6",6,"CCA",40
"1206","Matuu","SE",126,"Matuu_6",6,"SAND",0
"1207","Matuu","SE",126,"Matuu_6",6,"FCA",23.8461538461538
"1208","Matuu","SE",126,"Matuu_6",6,"RUB",0
"1209","Matuu","SE",126,"Matuu_6",6,"TURF",2.30769230769231
"1210","Matuu","SE",126,"Matuu_6",6,"HALI",0.769230769230769
"1211","Matuu","SE",123,"Matuu_3",3,"CORAL",15.3846153846154
"1212","Matuu","SE",123,"Matuu_3",3,"OI",0.769230769230769
"1213","Matuu","SE",123,"Matuu_3",3,"MA_noHALI",6.15384615384615
"1214","Matuu","SE",123,"Matuu_3",3,"BCA",0
"1215","Matuu","SE",123,"Matuu_3",3,"CCA",40
"1216","Matuu","SE",123,"Matuu_3",3,"SAND",2.30769230769231
"1217","Matuu","SE",123,"Matuu_3",3,"FCA",18.4615384615385
"1218","Matuu","SE",123,"Matuu_3",3,"RUB",12.3076923076923
"1219","Matuu","SE",123,"Matuu_3",3,"TURF",4.61538461538461
"1220","Matuu","SE",123,"Matuu_3",3,"HALI",0
"1221","Matuu","SE",122,"Matuu_2",2,"CORAL",27.6923076923077
"1222","Matuu","SE",122,"Matuu_2",2,"OI",2.30769230769231
"1223","Matuu","SE",122,"Matuu_2",2,"MA_noHALI",3.84615384615385
"1224","Matuu","SE",122,"Matuu_2",2,"BCA",1.53846153846154
"1225","Matuu","SE",122,"Matuu_2",2,"CCA",30.7692307692308
"1226","Matuu","SE",122,"Matuu_2",2,"SAND",0
"1227","Matuu","SE",122,"Matuu_2",2,"FCA",24.6153846153846
"1228","Matuu","SE",122,"Matuu_2",2,"RUB",2.30769230769231
"1229","Matuu","SE",122,"Matuu_2",2,"TURF",5.38461538461539
"1230","Matuu","SE",122,"Matuu_2",2,"HALI",1.53846153846154
"1231","Matuu","SE",125,"Matuu_5",5,"CORAL",16.9230769230769
"1232","Matuu","SE",125,"Matuu_5",5,"OI",1.53846153846154
"1233","Matuu","SE",125,"Matuu_5",5,"MA_noHALI",1.53846153846154
"1234","Matuu","SE",125,"Matuu_5",5,"BCA",0
"1235","Matuu","SE",125,"Matuu_5",5,"CCA",36.1538461538462
"1236","Matuu","SE",125,"Matuu_5",5,"SAND",0
"1237","Matuu","SE",125,"Matuu_5",5,"FCA",40
"1238","Matuu","SE",125,"Matuu_5",5,"RUB",0
"1239","Matuu","SE",125,"Matuu_5",5,"TURF",1.53846153846154
"1240","Matuu","SE",125,"Matuu_5",5,"HALI",2.30769230769231
"1241","Matuu","SE",121,"Matuu_1",1,"CORAL",26.1538461538462
"1242","Matuu","SE",121,"Matuu_1",1,"OI",1.53846153846154
"1243","Matuu","SE",121,"Matuu_1",1,"MA_noHALI",1.53846153846154
"1244","Matuu","SE",121,"Matuu_1",1,"BCA",6.15384615384615
"1245","Matuu","SE",121,"Matuu_1",1,"CCA",32.3076923076923
"1246","Matuu","SE",121,"Matuu_1",1,"SAND",0.769230769230769
"1247","Matuu","SE",121,"Matuu_1",1,"FCA",29.2307692307692
"1248","Matuu","SE",121,"Matuu_1",1,"RUB",0
"1249","Matuu","SE",121,"Matuu_1",1,"TURF",2.30769230769231
"1250","Matuu","SE",121,"Matuu_1",1,"HALI",0
"1251","Matuu","SE",124,"Matuu_4",4,"CORAL",21.5384615384615
"1252","Matuu","SE",124,"Matuu_4",4,"OI",2.30769230769231
"1253","Matuu","SE",124,"Matuu_4",4,"MA_noHALI",4.61538461538461
"1254","Matuu","SE",124,"Matuu_4",4,"BCA",3.07692307692308
"1255","Matuu","SE",124,"Matuu_4",4,"CCA",17.6923076923077
"1256","Matuu","SE",124,"Matuu_4",4,"SAND",0
"1257","Matuu","SE",124,"Matuu_4",4,"FCA",33.0769230769231
"1258","Matuu","SE",124,"Matuu_4",4,"RUB",3.07692307692308
"1259","Matuu","SE",124,"Matuu_4",4,"TURF",13.8461538461538
"1260","Matuu","SE",124,"Matuu_4",4,"HALI",0.769230769230769
"1261","Nua","SW",131,"Nua_5",5,"CORAL",20.7692307692308
"1262","Nua","SW",131,"Nua_5",5,"OI",0
"1263","Nua","SW",131,"Nua_5",5,"MA_noHALI",12.3076923076923
"1264","Nua","SW",131,"Nua_5",5,"BCA",0
"1265","Nua","SW",131,"Nua_5",5,"CCA",30.7692307692308
"1266","Nua","SW",131,"Nua_5",5,"SAND",0
"1267","Nua","SW",131,"Nua_5",5,"FCA",13.8461538461538
"1268","Nua","SW",131,"Nua_5",5,"RUB",0
"1269","Nua","SW",131,"Nua_5",5,"TURF",20
"1270","Nua","SW",131,"Nua_5",5,"HALI",2.30769230769231
"1271","Nua","SW",132,"Nua_6",6,"CORAL",32.3076923076923
"1272","Nua","SW",132,"Nua_6",6,"OI",0.769230769230769
"1273","Nua","SW",132,"Nua_6",6,"MA_noHALI",18.4615384615385
"1274","Nua","SW",132,"Nua_6",6,"BCA",2.30769230769231
"1275","Nua","SW",132,"Nua_6",6,"CCA",14.6153846153846
"1276","Nua","SW",132,"Nua_6",6,"SAND",0
"1277","Nua","SW",132,"Nua_6",6,"FCA",16.1538461538462
"1278","Nua","SW",132,"Nua_6",6,"RUB",1.53846153846154
"1279","Nua","SW",132,"Nua_6",6,"TURF",10
"1280","Nua","SW",132,"Nua_6",6,"HALI",3.84615384615385
"1281","Nua","SW",130,"Nua_4",4,"CORAL",20.7692307692308
"1282","Nua","SW",130,"Nua_4",4,"OI",1.53846153846154
"1283","Nua","SW",130,"Nua_4",4,"MA_noHALI",22.3076923076923
"1284","Nua","SW",130,"Nua_4",4,"BCA",0
"1285","Nua","SW",130,"Nua_4",4,"CCA",18.4615384615385
"1286","Nua","SW",130,"Nua_4",4,"SAND",0
"1287","Nua","SW",130,"Nua_4",4,"FCA",25.3846153846154
"1288","Nua","SW",130,"Nua_4",4,"RUB",0
"1289","Nua","SW",130,"Nua_4",4,"TURF",6.15384615384615
"1290","Nua","SW",130,"Nua_4",4,"HALI",5.38461538461539
"1291","Nua","SW",129,"Nua_3",3,"CORAL",31.5384615384615
"1292","Nua","SW",129,"Nua_3",3,"OI",1.53846153846154
"1293","Nua","SW",129,"Nua_3",3,"MA_noHALI",21.5384615384615
"1294","Nua","SW",129,"Nua_3",3,"BCA",0
"1295","Nua","SW",129,"Nua_3",3,"CCA",6.92307692307692
"1296","Nua","SW",129,"Nua_3",3,"SAND",1.53846153846154
"1297","Nua","SW",129,"Nua_3",3,"FCA",17.6923076923077
"1298","Nua","SW",129,"Nua_3",3,"RUB",0
"1299","Nua","SW",129,"Nua_3",3,"TURF",19.2307692307692
"1300","Nua","SW",129,"Nua_3",3,"HALI",0
"1301","Nua","SW",128,"Nua_2",2,"CORAL",27.6923076923077
"1302","Nua","SW",128,"Nua_2",2,"OI",0.769230769230769
"1303","Nua","SW",128,"Nua_2",2,"MA_noHALI",23.0769230769231
"1304","Nua","SW",128,"Nua_2",2,"BCA",0
"1305","Nua","SW",128,"Nua_2",2,"CCA",6.15384615384615
"1306","Nua","SW",128,"Nua_2",2,"SAND",0
"1307","Nua","SW",128,"Nua_2",2,"FCA",18.4615384615385
"1308","Nua","SW",128,"Nua_2",2,"RUB",0
"1309","Nua","SW",128,"Nua_2",2,"TURF",23.0769230769231
"1310","Nua","SW",128,"Nua_2",2,"HALI",0
"1311","Nua","SW",127,"Nua_1",1,"CORAL",22.3076923076923
"1312","Nua","SW",127,"Nua_1",1,"OI",0.769230769230769
"1313","Nua","SW",127,"Nua_1",1,"MA_noHALI",33.8461538461538
"1314","Nua","SW",127,"Nua_1",1,"BCA",0
"1315","Nua","SW",127,"Nua_1",1,"CCA",17.6923076923077
"1316","Nua","SW",127,"Nua_1",1,"SAND",0
"1317","Nua","SW",127,"Nua_1",1,"FCA",14.6153846153846
"1318","Nua","SW",127,"Nua_1",1,"RUB",0
"1319","Nua","SW",127,"Nua_1",1,"TURF",10.7692307692308
"1320","Nua","SW",127,"Nua_1",1,"HALI",0
"1321","Nuuuli","SW",134,"Nuuuli_2",2,"CORAL",5.38461538461539
"1322","Nuuuli","SW",134,"Nuuuli_2",2,"OI",1.53846153846154
"1323","Nuuuli","SW",134,"Nuuuli_2",2,"MA_noHALI",21.5384615384615
"1324","Nuuuli","SW",134,"Nuuuli_2",2,"BCA",0
"1325","Nuuuli","SW",134,"Nuuuli_2",2,"CCA",38.4615384615385
"1326","Nuuuli","SW",134,"Nuuuli_2",2,"SAND",0
"1327","Nuuuli","SW",134,"Nuuuli_2",2,"FCA",29.2307692307692
"1328","Nuuuli","SW",134,"Nuuuli_2",2,"RUB",0
"1329","Nuuuli","SW",134,"Nuuuli_2",2,"TURF",3.84615384615385
"1330","Nuuuli","SW",134,"Nuuuli_2",2,"HALI",0
"1331","Nuuuli","SW",135,"Nuuuli_3",3,"CORAL",4.61538461538461
"1332","Nuuuli","SW",135,"Nuuuli_3",3,"OI",0.769230769230769
"1333","Nuuuli","SW",135,"Nuuuli_3",3,"MA_noHALI",21.5384615384615
"1334","Nuuuli","SW",135,"Nuuuli_3",3,"BCA",0
"1335","Nuuuli","SW",135,"Nuuuli_3",3,"CCA",38.4615384615385
"1336","Nuuuli","SW",135,"Nuuuli_3",3,"SAND",0
"1337","Nuuuli","SW",135,"Nuuuli_3",3,"FCA",32.3076923076923
"1338","Nuuuli","SW",135,"Nuuuli_3",3,"RUB",0
"1339","Nuuuli","SW",135,"Nuuuli_3",3,"TURF",2.30769230769231
"1340","Nuuuli","SW",135,"Nuuuli_3",3,"HALI",0
"1341","Nuuuli","SW",133,"Nuuuli_1",1,"CORAL",13.8461538461538
"1342","Nuuuli","SW",133,"Nuuuli_1",1,"OI",4.61538461538461
"1343","Nuuuli","SW",133,"Nuuuli_1",1,"MA_noHALI",13.0769230769231
"1344","Nuuuli","SW",133,"Nuuuli_1",1,"BCA",0
"1345","Nuuuli","SW",133,"Nuuuli_1",1,"CCA",44.6153846153846
"1346","Nuuuli","SW",133,"Nuuuli_1",1,"SAND",0
"1347","Nuuuli","SW",133,"Nuuuli_1",1,"FCA",20.7692307692308
"1348","Nuuuli","SW",133,"Nuuuli_1",1,"RUB",0
"1349","Nuuuli","SW",133,"Nuuuli_1",1,"TURF",3.07692307692308
"1350","Nuuuli","SW",133,"Nuuuli_1",1,"HALI",0
"1351","Nuuuli","SW",138,"Nuuuli_6",6,"CORAL",3.84615384615385
"1352","Nuuuli","SW",138,"Nuuuli_6",6,"OI",22.3076923076923
"1353","Nuuuli","SW",138,"Nuuuli_6",6,"MA_noHALI",22.3076923076923
"1354","Nuuuli","SW",138,"Nuuuli_6",6,"BCA",0
"1355","Nuuuli","SW",138,"Nuuuli_6",6,"CCA",24.6153846153846
"1356","Nuuuli","SW",138,"Nuuuli_6",6,"SAND",0
"1357","Nuuuli","SW",138,"Nuuuli_6",6,"FCA",23.8461538461538
"1358","Nuuuli","SW",138,"Nuuuli_6",6,"RUB",0
"1359","Nuuuli","SW",138,"Nuuuli_6",6,"TURF",3.07692307692308
"1360","Nuuuli","SW",138,"Nuuuli_6",6,"HALI",0
"1361","Nuuuli","SW",136,"Nuuuli_4",4,"CORAL",12.3076923076923
"1362","Nuuuli","SW",136,"Nuuuli_4",4,"OI",1.53846153846154
"1363","Nuuuli","SW",136,"Nuuuli_4",4,"MA_noHALI",25.3846153846154
"1364","Nuuuli","SW",136,"Nuuuli_4",4,"BCA",0
"1365","Nuuuli","SW",136,"Nuuuli_4",4,"CCA",32.3076923076923
"1366","Nuuuli","SW",136,"Nuuuli_4",4,"SAND",0
"1367","Nuuuli","SW",136,"Nuuuli_4",4,"FCA",26.1538461538462
"1368","Nuuuli","SW",136,"Nuuuli_4",4,"RUB",0
"1369","Nuuuli","SW",136,"Nuuuli_4",4,"TURF",2.30769230769231
"1370","Nuuuli","SW",136,"Nuuuli_4",4,"HALI",0
"1371","Nuuuli","SW",137,"Nuuuli_5",5,"CORAL",6.92307692307692
"1372","Nuuuli","SW",137,"Nuuuli_5",5,"OI",0
"1373","Nuuuli","SW",137,"Nuuuli_5",5,"MA_noHALI",20
"1374","Nuuuli","SW",137,"Nuuuli_5",5,"BCA",0
"1375","Nuuuli","SW",137,"Nuuuli_5",5,"CCA",38.4615384615385
"1376","Nuuuli","SW",137,"Nuuuli_5",5,"SAND",0
"1377","Nuuuli","SW",137,"Nuuuli_5",5,"FCA",32.3076923076923
"1378","Nuuuli","SW",137,"Nuuuli_5",5,"RUB",0
"1379","Nuuuli","SW",137,"Nuuuli_5",5,"TURF",2.30769230769231
"1380","Nuuuli","SW",137,"Nuuuli_5",5,"HALI",0
"1381","Oa","NE",139,"Oa_1",1,"CORAL",58.4615384615385
"1382","Oa","NE",139,"Oa_1",1,"OI",2.30769230769231
"1383","Oa","NE",139,"Oa_1",1,"MA_noHALI",0.769230769230769
"1384","Oa","NE",139,"Oa_1",1,"BCA",0
"1385","Oa","NE",139,"Oa_1",1,"CCA",13.0769230769231
"1386","Oa","NE",139,"Oa_1",1,"SAND",2.30769230769231
"1387","Oa","NE",139,"Oa_1",1,"FCA",9.23076923076923
"1388","Oa","NE",139,"Oa_1",1,"RUB",0
"1389","Oa","NE",139,"Oa_1",1,"TURF",13.8461538461538
"1390","Oa","NE",139,"Oa_1",1,"HALI",0
"1391","Oa","NE",140,"Oa_2",2,"CORAL",60
"1392","Oa","NE",140,"Oa_2",2,"OI",0
"1393","Oa","NE",140,"Oa_2",2,"MA_noHALI",0.769230769230769
"1394","Oa","NE",140,"Oa_2",2,"BCA",0
"1395","Oa","NE",140,"Oa_2",2,"CCA",16.9230769230769
"1396","Oa","NE",140,"Oa_2",2,"SAND",0
"1397","Oa","NE",140,"Oa_2",2,"FCA",6.15384615384615
"1398","Oa","NE",140,"Oa_2",2,"RUB",1.53846153846154
"1399","Oa","NE",140,"Oa_2",2,"TURF",13.8461538461538
"1400","Oa","NE",140,"Oa_2",2,"HALI",0.769230769230769
"1401","Oa","NE",141,"Oa_3",3,"CORAL",58.4615384615385
"1402","Oa","NE",141,"Oa_3",3,"OI",6.15384615384615
"1403","Oa","NE",141,"Oa_3",3,"MA_noHALI",0.769230769230769
"1404","Oa","NE",141,"Oa_3",3,"BCA",0
"1405","Oa","NE",141,"Oa_3",3,"CCA",19.2307692307692
"1406","Oa","NE",141,"Oa_3",3,"SAND",0
"1407","Oa","NE",141,"Oa_3",3,"FCA",3.84615384615385
"1408","Oa","NE",141,"Oa_3",3,"RUB",0
"1409","Oa","NE",141,"Oa_3",3,"TURF",11.5384615384615
"1410","Oa","NE",141,"Oa_3",3,"HALI",0
"1411","Oa","NE",142,"Oa_4",4,"CORAL",57.6923076923077
"1412","Oa","NE",142,"Oa_4",4,"OI",0
"1413","Oa","NE",142,"Oa_4",4,"MA_noHALI",0
"1414","Oa","NE",142,"Oa_4",4,"BCA",3.84615384615385
"1415","Oa","NE",142,"Oa_4",4,"CCA",13.0769230769231
"1416","Oa","NE",142,"Oa_4",4,"SAND",0
"1417","Oa","NE",142,"Oa_4",4,"FCA",13.0769230769231
"1418","Oa","NE",142,"Oa_4",4,"RUB",0
"1419","Oa","NE",142,"Oa_4",4,"TURF",12.3076923076923
"1420","Oa","NE",142,"Oa_4",4,"HALI",0
"1421","Oa","NE",143,"Oa_5",5,"CORAL",56
"1422","Oa","NE",143,"Oa_5",5,"OI",0.8
"1423","Oa","NE",143,"Oa_5",5,"MA_noHALI",0.8
"1424","Oa","NE",143,"Oa_5",5,"BCA",0
"1425","Oa","NE",143,"Oa_5",5,"CCA",15.2
"1426","Oa","NE",143,"Oa_5",5,"SAND",0
"1427","Oa","NE",143,"Oa_5",5,"FCA",9.6
"1428","Oa","NE",143,"Oa_5",5,"RUB",0
"1429","Oa","NE",143,"Oa_5",5,"TURF",17.6
"1430","Oa","NE",143,"Oa_5",5,"HALI",0
"1431","Oa","NE",144,"Oa_6",6,"CORAL",69.2307692307692
"1432","Oa","NE",144,"Oa_6",6,"OI",0
"1433","Oa","NE",144,"Oa_6",6,"MA_noHALI",0.769230769230769
"1434","Oa","NE",144,"Oa_6",6,"BCA",0
"1435","Oa","NE",144,"Oa_6",6,"CCA",10.7692307692308
"1436","Oa","NE",144,"Oa_6",6,"SAND",0
"1437","Oa","NE",144,"Oa_6",6,"FCA",6.15384615384615
"1438","Oa","NE",144,"Oa_6",6,"RUB",0
"1439","Oa","NE",144,"Oa_6",6,"TURF",13.0769230769231
"1440","Oa","NE",144,"Oa_6",6,"HALI",0
"1441","Poloa","NW",145,"Poloa_1",1,"CORAL",52.3076923076923
"1442","Poloa","NW",145,"Poloa_1",1,"OI",0
"1443","Poloa","NW",145,"Poloa_1",1,"MA_noHALI",0
"1444","Poloa","NW",145,"Poloa_1",1,"BCA",0
"1445","Poloa","NW",145,"Poloa_1",1,"CCA",30
"1446","Poloa","NW",145,"Poloa_1",1,"SAND",0
"1447","Poloa","NW",145,"Poloa_1",1,"FCA",11.5384615384615
"1448","Poloa","NW",145,"Poloa_1",1,"RUB",0
"1449","Poloa","NW",145,"Poloa_1",1,"TURF",6.15384615384615
"1450","Poloa","NW",145,"Poloa_1",1,"HALI",0
"1451","Poloa","NW",146,"Poloa_2",2,"CORAL",39.2307692307692
"1452","Poloa","NW",146,"Poloa_2",2,"OI",0
"1453","Poloa","NW",146,"Poloa_2",2,"MA_noHALI",0.769230769230769
"1454","Poloa","NW",146,"Poloa_2",2,"BCA",0
"1455","Poloa","NW",146,"Poloa_2",2,"CCA",40
"1456","Poloa","NW",146,"Poloa_2",2,"SAND",0
"1457","Poloa","NW",146,"Poloa_2",2,"FCA",16.1538461538462
"1458","Poloa","NW",146,"Poloa_2",2,"RUB",0
"1459","Poloa","NW",146,"Poloa_2",2,"TURF",3.84615384615385
"1460","Poloa","NW",146,"Poloa_2",2,"HALI",0
"1461","Poloa","NW",148,"Poloa_4",4,"CORAL",44.6153846153846
"1462","Poloa","NW",148,"Poloa_4",4,"OI",0
"1463","Poloa","NW",148,"Poloa_4",4,"MA_noHALI",0
"1464","Poloa","NW",148,"Poloa_4",4,"BCA",0
"1465","Poloa","NW",148,"Poloa_4",4,"CCA",32.3076923076923
"1466","Poloa","NW",148,"Poloa_4",4,"SAND",0
"1467","Poloa","NW",148,"Poloa_4",4,"FCA",20
"1468","Poloa","NW",148,"Poloa_4",4,"RUB",0
"1469","Poloa","NW",148,"Poloa_4",4,"TURF",3.07692307692308
"1470","Poloa","NW",148,"Poloa_4",4,"HALI",0
"1471","Poloa","NW",149,"Poloa_5",5,"CORAL",50
"1472","Poloa","NW",149,"Poloa_5",5,"OI",0
"1473","Poloa","NW",149,"Poloa_5",5,"MA_noHALI",0
"1474","Poloa","NW",149,"Poloa_5",5,"BCA",0
"1475","Poloa","NW",149,"Poloa_5",5,"CCA",28.4615384615385
"1476","Poloa","NW",149,"Poloa_5",5,"SAND",0
"1477","Poloa","NW",149,"Poloa_5",5,"FCA",16.9230769230769
"1478","Poloa","NW",149,"Poloa_5",5,"RUB",0
"1479","Poloa","NW",149,"Poloa_5",5,"TURF",4.61538461538461
"1480","Poloa","NW",149,"Poloa_5",5,"HALI",0
"1481","Poloa","NW",150,"Poloa_6",6,"CORAL",35.3846153846154
"1482","Poloa","NW",150,"Poloa_6",6,"OI",0
"1483","Poloa","NW",150,"Poloa_6",6,"MA_noHALI",0
"1484","Poloa","NW",150,"Poloa_6",6,"BCA",0
"1485","Poloa","NW",150,"Poloa_6",6,"CCA",40
"1486","Poloa","NW",150,"Poloa_6",6,"SAND",0
"1487","Poloa","NW",150,"Poloa_6",6,"FCA",16.9230769230769
"1488","Poloa","NW",150,"Poloa_6",6,"RUB",0
"1489","Poloa","NW",150,"Poloa_6",6,"TURF",7.69230769230769
"1490","Poloa","NW",150,"Poloa_6",6,"HALI",0
"1491","Poloa","NW",147,"Poloa_3",3,"CORAL",34.6153846153846
"1492","Poloa","NW",147,"Poloa_3",3,"OI",0
"1493","Poloa","NW",147,"Poloa_3",3,"MA_noHALI",0
"1494","Poloa","NW",147,"Poloa_3",3,"BCA",0
"1495","Poloa","NW",147,"Poloa_3",3,"CCA",40.7692307692308
"1496","Poloa","NW",147,"Poloa_3",3,"SAND",0
"1497","Poloa","NW",147,"Poloa_3",3,"FCA",20
"1498","Poloa","NW",147,"Poloa_3",3,"RUB",0
"1499","Poloa","NW",147,"Poloa_3",3,"TURF",4.61538461538461
"1500","Poloa","NW",147,"Poloa_3",3,"HALI",0
"1501","Sita","NW",153,"Sita_3",3,"CORAL",37.6
"1502","Sita","NW",153,"Sita_3",3,"OI",0
"1503","Sita","NW",153,"Sita_3",3,"MA_noHALI",3.2
"1504","Sita","NW",153,"Sita_3",3,"BCA",0
"1505","Sita","NW",153,"Sita_3",3,"CCA",28
"1506","Sita","NW",153,"Sita_3",3,"SAND",0
"1507","Sita","NW",153,"Sita_3",3,"FCA",17.6
"1508","Sita","NW",153,"Sita_3",3,"RUB",0
"1509","Sita","NW",153,"Sita_3",3,"TURF",12
"1510","Sita","NW",153,"Sita_3",3,"HALI",1.6
"1511","Sita","NW",151,"Sita_1",1,"CORAL",36.1538461538462
"1512","Sita","NW",151,"Sita_1",1,"OI",0.769230769230769
"1513","Sita","NW",151,"Sita_1",1,"MA_noHALI",2.30769230769231
"1514","Sita","NW",151,"Sita_1",1,"BCA",8.46153846153846
"1515","Sita","NW",151,"Sita_1",1,"CCA",17.6923076923077
"1516","Sita","NW",151,"Sita_1",1,"SAND",0
"1517","Sita","NW",151,"Sita_1",1,"FCA",16.9230769230769
"1518","Sita","NW",151,"Sita_1",1,"RUB",0
"1519","Sita","NW",151,"Sita_1",1,"TURF",16.1538461538462
"1520","Sita","NW",151,"Sita_1",1,"HALI",1.53846153846154
"1521","Sita","NW",155,"Sita_5",5,"CORAL",25.3846153846154
"1522","Sita","NW",155,"Sita_5",5,"OI",1.53846153846154
"1523","Sita","NW",155,"Sita_5",5,"MA_noHALI",0.769230769230769
"1524","Sita","NW",155,"Sita_5",5,"BCA",0.769230769230769
"1525","Sita","NW",155,"Sita_5",5,"CCA",31.5384615384615
"1526","Sita","NW",155,"Sita_5",5,"SAND",0
"1527","Sita","NW",155,"Sita_5",5,"FCA",20.7692307692308
"1528","Sita","NW",155,"Sita_5",5,"RUB",0
"1529","Sita","NW",155,"Sita_5",5,"TURF",10.7692307692308
"1530","Sita","NW",155,"Sita_5",5,"HALI",8.46153846153846
"1531","Sita","NW",154,"Sita_4",4,"CORAL",27.6923076923077
"1532","Sita","NW",154,"Sita_4",4,"OI",0.769230769230769
"1533","Sita","NW",154,"Sita_4",4,"MA_noHALI",1.53846153846154
"1534","Sita","NW",154,"Sita_4",4,"BCA",3.07692307692308
"1535","Sita","NW",154,"Sita_4",4,"CCA",33.8461538461538
"1536","Sita","NW",154,"Sita_4",4,"SAND",0
"1537","Sita","NW",154,"Sita_4",4,"FCA",20
"1538","Sita","NW",154,"Sita_4",4,"RUB",0
"1539","Sita","NW",154,"Sita_4",4,"TURF",11.5384615384615
"1540","Sita","NW",154,"Sita_4",4,"HALI",1.53846153846154
"1541","Sita","NW",156,"Sita_6",6,"CORAL",23.0769230769231
"1542","Sita","NW",156,"Sita_6",6,"OI",0
"1543","Sita","NW",156,"Sita_6",6,"MA_noHALI",0
"1544","Sita","NW",156,"Sita_6",6,"BCA",3.84615384615385
"1545","Sita","NW",156,"Sita_6",6,"CCA",29.2307692307692
"1546","Sita","NW",156,"Sita_6",6,"SAND",0
"1547","Sita","NW",156,"Sita_6",6,"FCA",22.3076923076923
"1548","Sita","NW",156,"Sita_6",6,"RUB",0
"1549","Sita","NW",156,"Sita_6",6,"TURF",18.4615384615385
"1550","Sita","NW",156,"Sita_6",6,"HALI",3.07692307692308
"1551","Sita","NW",152,"Sita_2",2,"CORAL",28.4615384615385
"1552","Sita","NW",152,"Sita_2",2,"OI",0
"1553","Sita","NW",152,"Sita_2",2,"MA_noHALI",1.53846153846154
"1554","Sita","NW",152,"Sita_2",2,"BCA",7.69230769230769
"1555","Sita","NW",152,"Sita_2",2,"CCA",25.3846153846154
"1556","Sita","NW",152,"Sita_2",2,"SAND",0
"1557","Sita","NW",152,"Sita_2",2,"FCA",16.1538461538462
"1558","Sita","NW",152,"Sita_2",2,"RUB",0
"1559","Sita","NW",152,"Sita_2",2,"TURF",20.7692307692308
"1560","Sita","NW",152,"Sita_2",2,"HALI",0
"1561","Tafeu","NE",161,"Tafeu_5",5,"CORAL",39.2307692307692
"1562","Tafeu","NE",161,"Tafeu_5",5,"OI",16.1538461538462
"1563","Tafeu","NE",161,"Tafeu_5",5,"MA_noHALI",0.769230769230769
"1564","Tafeu","NE",161,"Tafeu_5",5,"BCA",0.769230769230769
"1565","Tafeu","NE",161,"Tafeu_5",5,"CCA",3.84615384615385
"1566","Tafeu","NE",161,"Tafeu_5",5,"SAND",0.769230769230769
"1567","Tafeu","NE",161,"Tafeu_5",5,"FCA",16.1538461538462
"1568","Tafeu","NE",161,"Tafeu_5",5,"RUB",0
"1569","Tafeu","NE",161,"Tafeu_5",5,"TURF",22.3076923076923
"1570","Tafeu","NE",161,"Tafeu_5",5,"HALI",0
"1571","Tafeu","NE",162,"Tafeu_6",6,"CORAL",33.8461538461538
"1572","Tafeu","NE",162,"Tafeu_6",6,"OI",33.8461538461538
"1573","Tafeu","NE",162,"Tafeu_6",6,"MA_noHALI",3.07692307692308
"1574","Tafeu","NE",162,"Tafeu_6",6,"BCA",0
"1575","Tafeu","NE",162,"Tafeu_6",6,"CCA",6.92307692307692
"1576","Tafeu","NE",162,"Tafeu_6",6,"SAND",0
"1577","Tafeu","NE",162,"Tafeu_6",6,"FCA",4.61538461538461
"1578","Tafeu","NE",162,"Tafeu_6",6,"RUB",0
"1579","Tafeu","NE",162,"Tafeu_6",6,"TURF",17.6923076923077
"1580","Tafeu","NE",162,"Tafeu_6",6,"HALI",0
"1581","Tafeu","NE",158,"Tafeu_2",2,"CORAL",38.4615384615385
"1582","Tafeu","NE",158,"Tafeu_2",2,"OI",4.61538461538461
"1583","Tafeu","NE",158,"Tafeu_2",2,"MA_noHALI",0
"1584","Tafeu","NE",158,"Tafeu_2",2,"BCA",3.07692307692308
"1585","Tafeu","NE",158,"Tafeu_2",2,"CCA",11.5384615384615
"1586","Tafeu","NE",158,"Tafeu_2",2,"SAND",0
"1587","Tafeu","NE",158,"Tafeu_2",2,"FCA",16.9230769230769
"1588","Tafeu","NE",158,"Tafeu_2",2,"RUB",0
"1589","Tafeu","NE",158,"Tafeu_2",2,"TURF",25.3846153846154
"1590","Tafeu","NE",158,"Tafeu_2",2,"HALI",0
"1591","Tafeu","NE",160,"Tafeu_4",4,"CORAL",34.6153846153846
"1592","Tafeu","NE",160,"Tafeu_4",4,"OI",18.4615384615385
"1593","Tafeu","NE",160,"Tafeu_4",4,"MA_noHALI",0.769230769230769
"1594","Tafeu","NE",160,"Tafeu_4",4,"BCA",1.53846153846154
"1595","Tafeu","NE",160,"Tafeu_4",4,"CCA",10.7692307692308
"1596","Tafeu","NE",160,"Tafeu_4",4,"SAND",0.769230769230769
"1597","Tafeu","NE",160,"Tafeu_4",4,"FCA",13.0769230769231
"1598","Tafeu","NE",160,"Tafeu_4",4,"RUB",0
"1599","Tafeu","NE",160,"Tafeu_4",4,"TURF",20
"1600","Tafeu","NE",160,"Tafeu_4",4,"HALI",0
"1601","Tafeu","NE",157,"Tafeu_1",1,"CORAL",57.6923076923077
"1602","Tafeu","NE",157,"Tafeu_1",1,"OI",0
"1603","Tafeu","NE",157,"Tafeu_1",1,"MA_noHALI",0.769230769230769
"1604","Tafeu","NE",157,"Tafeu_1",1,"BCA",0
"1605","Tafeu","NE",157,"Tafeu_1",1,"CCA",11.5384615384615
"1606","Tafeu","NE",157,"Tafeu_1",1,"SAND",0
"1607","Tafeu","NE",157,"Tafeu_1",1,"FCA",6.92307692307692
"1608","Tafeu","NE",157,"Tafeu_1",1,"RUB",0
"1609","Tafeu","NE",157,"Tafeu_1",1,"TURF",23.0769230769231
"1610","Tafeu","NE",157,"Tafeu_1",1,"HALI",0
"1611","Tafeu","NE",159,"Tafeu_3",3,"CORAL",26.9230769230769
"1612","Tafeu","NE",159,"Tafeu_3",3,"OI",18.4615384615385
"1613","Tafeu","NE",159,"Tafeu_3",3,"MA_noHALI",0.769230769230769
"1614","Tafeu","NE",159,"Tafeu_3",3,"BCA",0
"1615","Tafeu","NE",159,"Tafeu_3",3,"CCA",17.6923076923077
"1616","Tafeu","NE",159,"Tafeu_3",3,"SAND",0
"1617","Tafeu","NE",159,"Tafeu_3",3,"FCA",12.3076923076923
"1618","Tafeu","NE",159,"Tafeu_3",3,"RUB",0
"1619","Tafeu","NE",159,"Tafeu_3",3,"TURF",23.8461538461538
"1620","Tafeu","NE",159,"Tafeu_3",3,"HALI",0
"1621","Vatia","NE",163,"Vatia_1",1,"CORAL",11.5384615384615
"1622","Vatia","NE",163,"Vatia_1",1,"OI",0
"1623","Vatia","NE",163,"Vatia_1",1,"MA_noHALI",2.30769230769231
"1624","Vatia","NE",163,"Vatia_1",1,"BCA",13.8461538461538
"1625","Vatia","NE",163,"Vatia_1",1,"CCA",2.30769230769231
"1626","Vatia","NE",163,"Vatia_1",1,"SAND",1.53846153846154
"1627","Vatia","NE",163,"Vatia_1",1,"FCA",10
"1628","Vatia","NE",163,"Vatia_1",1,"RUB",1.53846153846154
"1629","Vatia","NE",163,"Vatia_1",1,"TURF",45.3846153846154
"1630","Vatia","NE",163,"Vatia_1",1,"HALI",11.5384615384615
"1631","Vatia","NE",166,"Vatia_4",4,"CORAL",23.0769230769231
"1632","Vatia","NE",166,"Vatia_4",4,"OI",0
"1633","Vatia","NE",166,"Vatia_4",4,"MA_noHALI",3.84615384615385
"1634","Vatia","NE",166,"Vatia_4",4,"BCA",6.92307692307692
"1635","Vatia","NE",166,"Vatia_4",4,"CCA",13.8461538461538
"1636","Vatia","NE",166,"Vatia_4",4,"SAND",7.69230769230769
"1637","Vatia","NE",166,"Vatia_4",4,"FCA",10
"1638","Vatia","NE",166,"Vatia_4",4,"RUB",0.769230769230769
"1639","Vatia","NE",166,"Vatia_4",4,"TURF",29.2307692307692
"1640","Vatia","NE",166,"Vatia_4",4,"HALI",4.61538461538461
"1641","Vatia","NE",164,"Vatia_2",2,"CORAL",10
"1642","Vatia","NE",164,"Vatia_2",2,"OI",0
"1643","Vatia","NE",164,"Vatia_2",2,"MA_noHALI",3.07692307692308
"1644","Vatia","NE",164,"Vatia_2",2,"BCA",9.23076923076923
"1645","Vatia","NE",164,"Vatia_2",2,"CCA",6.92307692307692
"1646","Vatia","NE",164,"Vatia_2",2,"SAND",12.3076923076923
"1647","Vatia","NE",164,"Vatia_2",2,"FCA",13.0769230769231
"1648","Vatia","NE",164,"Vatia_2",2,"RUB",6.15384615384615
"1649","Vatia","NE",164,"Vatia_2",2,"TURF",34.6153846153846
"1650","Vatia","NE",164,"Vatia_2",2,"HALI",4.61538461538461
"1651","Vatia","NE",168,"Vatia_6",6,"CORAL",16.9230769230769
"1652","Vatia","NE",168,"Vatia_6",6,"OI",0
"1653","Vatia","NE",168,"Vatia_6",6,"MA_noHALI",0
"1654","Vatia","NE",168,"Vatia_6",6,"BCA",13.8461538461538
"1655","Vatia","NE",168,"Vatia_6",6,"CCA",6.15384615384615
"1656","Vatia","NE",168,"Vatia_6",6,"SAND",20
"1657","Vatia","NE",168,"Vatia_6",6,"FCA",6.15384615384615
"1658","Vatia","NE",168,"Vatia_6",6,"RUB",1.53846153846154
"1659","Vatia","NE",168,"Vatia_6",6,"TURF",19.2307692307692
"1660","Vatia","NE",168,"Vatia_6",6,"HALI",16.1538461538462
"1661","Vatia","NE",165,"Vatia_3",3,"CORAL",10
"1662","Vatia","NE",165,"Vatia_3",3,"OI",0
"1663","Vatia","NE",165,"Vatia_3",3,"MA_noHALI",0.769230769230769
"1664","Vatia","NE",165,"Vatia_3",3,"BCA",18.4615384615385
"1665","Vatia","NE",165,"Vatia_3",3,"CCA",5.38461538461539
"1666","Vatia","NE",165,"Vatia_3",3,"SAND",7.69230769230769
"1667","Vatia","NE",165,"Vatia_3",3,"FCA",7.69230769230769
"1668","Vatia","NE",165,"Vatia_3",3,"RUB",20
"1669","Vatia","NE",165,"Vatia_3",3,"TURF",22.3076923076923
"1670","Vatia","NE",165,"Vatia_3",3,"HALI",7.69230769230769
"1671","Vatia","NE",167,"Vatia_5",5,"CORAL",10
"1672","Vatia","NE",167,"Vatia_5",5,"OI",0
"1673","Vatia","NE",167,"Vatia_5",5,"MA_noHALI",13.0769230769231
"1674","Vatia","NE",167,"Vatia_5",5,"BCA",9.23076923076923
"1675","Vatia","NE",167,"Vatia_5",5,"CCA",4.61538461538461
"1676","Vatia","NE",167,"Vatia_5",5,"SAND",26.1538461538462
"1677","Vatia","NE",167,"Vatia_5",5,"FCA",3.07692307692308
"1678","Vatia","NE",167,"Vatia_5",5,"RUB",0
"1679","Vatia","NE",167,"Vatia_5",5,"TURF",26.9230769230769
"1680","Vatia","NE",167,"Vatia_5",5,"HALI",6.92307692307692
